Ticker,現在値,利確目標(+2ATR),損切撤退(-1ATR),生利確確率,生損切確率,出来高倍率,5日売買代金(億),ベータ,AI判定
6005.T,3082.0,3228.4,3008.8,36.5%,53.1%,1.98x,11.0,0.59,👀 WATCH
2264.T,1098.5,1146.3,1074.6,36.1%,53.9%,1.22x,20.5,0.02,👀 WATCH
1911.T,1259.0,1305.6,1235.7,36.1%,53.1%,1.13x,61.3,0.34,👀 WATCH
2767.T,2473.0,2615.1,2401.9,36.1%,53.4%,1.05x,10.0,0.08,👀 WATCH
6845.T,1454.0,1513.9,1424.0,36.0%,53.2%,0.98x,19.8,0.83,⏸️ WAIT
6460.T,3146.0,3315.4,3061.3,36.0%,53.7%,1.21x,26.4,-0.07,👀 WATCH
4816.T,2975.0,3166.4,2879.3,35.9%,54.0%,1.08x,11.7,-0.29,👀 WATCH
4922.T,5559.0,5809.6,5433.7,35.8%,54.1%,0.90x,16.5,-0.14,⏸️ WAIT
1414.T,1258.5,1290.3,1242.6,35.7%,52.9%,0.72x,11.8,0.01,⏸️ WAIT
4755.T,718.0,756.0,699.0,35.7%,53.3%,1.10x,116.5,0.79,👀 WATCH
6465.T,5338.0,5510.6,5251.7,35.6%,54.5%,1.27x,17.4,0.13,👀 WATCH
5101.T,6835.0,7326.4,6589.3,35.6%,54.2%,0.90x,68.1,0.98,⏸️ WAIT
5831.T,3440.0,3618.4,3350.8,35.6%,54.1%,1.21x,70.2,0.69,👀 WATCH
2503.T,2804.0,2908.4,2751.8,35.6%,53.6%,1.47x,83.5,0.1,👀 WATCH
9435.T,38330.0,39615.7,37687.1,35.6%,53.1%,0.98x,23.0,0.17,⏸️ WAIT
9766.T,20690.0,21857.9,20106.1,35.6%,54.8%,1.36x,90.5,-0.13,👀 WATCH
2737.T,33500.0,37578.6,31460.7,35.5%,55.9%,0.98x,29.7,1.61,⏸️ WAIT
8358.T,2839.0,2974.7,2771.1,35.5%,54.2%,0.78x,19.0,0.64,⏸️ WAIT
9697.T,4283.0,4555.1,4146.9,35.5%,54.8%,0.92x,139.5,0.33,⏸️ WAIT
6869.T,1818.0,1917.5,1768.2,35.5%,55.1%,0.99x,50.4,0.03,⏸️ WAIT
4680.T,1196.5,1295.4,1147.1,35.5%,54.4%,0.88x,38.0,0.44,⏸️ WAIT
8354.T,7592.0,7933.9,7421.1,35.4%,54.3%,1.23x,49.1,0.62,⏸️ WAIT
4099.T,2148.0,2334.4,2054.8,35.4%,55.2%,1.93x,15.9,1.56,⏸️ WAIT
8056.T,4621.0,4822.6,4520.2,35.4%,55.6%,1.11x,17.6,0.02,⏸️ WAIT
4047.T,2194.0,2373.7,2104.1,35.4%,55.0%,0.94x,13.5,1.82,⏸️ WAIT
7735.T,13020.0,14043.6,12508.2,35.4%,54.4%,1.19x,218.9,1.31,⏸️ WAIT
6480.T,1653.0,1811.1,1573.9,35.4%,55.1%,0.90x,10.9,1.91,⏸️ WAIT
5830.T,3721.0,3931.7,3615.6,35.4%,54.5%,1.00x,40.2,0.81,⏸️ WAIT
6103.T,4330.0,4628.6,4180.7,35.4%,54.2%,0.97x,18.7,1.52,⏸️ WAIT
4022.T,1946.0,2150.4,1843.8,35.4%,54.7%,0.88x,12.6,2.12,⏸️ WAIT
5105.T,3584.0,3767.4,3492.3,35.4%,54.8%,1.28x,59.3,1.1,⏸️ WAIT
5202.T,494.0,498.1,491.9,35.4%,54.0%,0.33x,20.5,0.06,⏸️ WAIT
2269.T,4344.0,4516.0,4258.0,35.4%,52.8%,0.74x,45.0,-0.16,⏸️ WAIT
8253.T,4555.0,4742.3,4461.4,35.3%,54.2%,0.86x,34.8,0.3,⏸️ WAIT
3088.T,2530.0,2632.2,2478.9,35.3%,54.5%,1.34x,38.5,-0.08,⏸️ WAIT
5838.T,6336.0,6730.3,6138.9,35.3%,54.7%,0.81x,75.8,0.74,⏸️ WAIT
7832.T,5382.0,5672.4,5236.8,35.3%,54.0%,1.39x,165.4,0.01,⏸️ WAIT
7004.T,1154.0,1216.6,1122.7,35.3%,55.0%,0.67x,13.0,1.32,⏸️ WAIT
4043.T,4032.0,4281.9,3907.1,35.3%,55.0%,0.72x,23.4,1.51,⏸️ WAIT
9401.T,5730.0,5942.3,5623.9,35.3%,55.1%,0.96x,14.1,0.24,⏸️ WAIT
8366.T,2760.0,2909.1,2685.4,35.3%,54.6%,0.99x,14.9,1.02,⏸️ WAIT
4385.T,3967.0,4343.0,3779.0,35.3%,53.2%,1.11x,83.0,0.54,⏸️ WAIT
1861.T,1313.0,1350.7,1294.1,35.2%,55.0%,1.25x,10.1,0.6,⏸️ WAIT
7974.T,8401.0,8897.3,8152.9,35.2%,54.4%,1.40x,599.8,0.48,⏸️ WAIT
6753.T,629.6,666.2,611.3,35.2%,54.5%,1.26x,15.6,0.73,⏸️ WAIT
4901.T,3199.0,3340.7,3128.1,35.2%,55.3%,1.17x,118.0,0.51,⏸️ WAIT
4206.T,4133.0,4275.1,4061.9,35.2%,55.3%,0.60x,10.3,0.22,⏸️ WAIT
9434.T,239.2,246.3,235.6,35.2%,55.3%,1.25x,146.1,0.15,⏸️ WAIT
6787.T,19150.0,21577.1,17936.4,35.2%,55.1%,0.99x,67.5,2.22,⏸️ WAIT
3099.T,3122.0,3289.1,3038.4,35.2%,53.0%,0.77x,81.0,0.78,⏸️ WAIT
4503.T,2237.0,2327.1,2191.9,35.2%,55.2%,1.31x,109.9,-0.24,⏸️ WAIT
8282.T,1837.0,1904.4,1803.3,35.2%,54.6%,1.02x,10.9,0.27,⏸️ WAIT
2432.T,2489.0,2609.5,2428.8,35.2%,55.2%,1.10x,29.4,0.14,⏸️ WAIT
5844.T,4753.0,4968.7,4645.1,35.2%,54.7%,1.16x,41.0,0.88,⏸️ WAIT
7951.T,1230.0,1280.9,1204.5,35.2%,55.5%,1.31x,29.9,0.44,⏸️ WAIT
6323.T,3669.0,3990.0,3508.5,35.2%,55.4%,1.08x,40.5,1.48,⏸️ WAIT
8804.T,3335.0,3448.1,3278.4,35.1%,54.5%,1.25x,23.5,0.26,⏸️ WAIT
4751.T,1217.5,1282.6,1185.0,35.1%,54.4%,1.29x,58.2,0.43,⏸️ WAIT
6141.T,2784.5,2941.4,2706.0,35.1%,54.3%,0.96x,46.9,0.92,⏸️ WAIT
8113.T,944.1,977.9,927.2,35.1%,55.0%,1.05x,41.4,-0.1,⏸️ WAIT
3064.T,1867.5,1968.2,1817.1,35.1%,54.4%,1.17x,35.3,0.08,⏸️ WAIT
8308.T,2412.0,2542.7,2346.6,35.1%,55.5%,0.98x,237.0,0.78,⏸️ WAIT
8359.T,2622.5,2747.1,2560.2,35.1%,55.1%,1.11x,38.0,0.79,⏸️ WAIT
2501.T,1845.0,1915.0,1810.0,35.1%,54.0%,1.01x,18.8,-0.08,⏸️ WAIT
2607.T,4395.0,4596.1,4294.4,35.0%,55.3%,1.14x,11.2,0.13,⏸️ WAIT
8377.T,7910.0,8359.3,7685.4,35.0%,55.0%,1.04x,29.7,0.96,⏸️ WAIT
4519.T,6476.0,6721.0,6353.5,35.0%,55.2%,1.14x,167.1,-0.07,⏸️ WAIT
9602.T,1594.5,1667.6,1558.0,35.0%,55.6%,0.81x,50.8,-0.11,⏸️ WAIT
6370.T,7574.0,8027.1,7347.4,35.0%,54.6%,0.93x,44.4,1.27,⏸️ WAIT
2802.T,5084.0,5371.7,4940.1,35.0%,55.4%,1.09x,151.1,1.08,⏸️ WAIT
4540.T,3666.0,3746.3,3625.9,35.0%,53.8%,1.57x,25.1,-0.04,⏸️ WAIT
7459.T,2878.5,2976.2,2829.6,35.0%,55.6%,0.68x,15.5,-0.0,⏸️ WAIT
8136.T,1192.5,1284.0,1146.8,35.0%,55.2%,1.25x,234.3,0.51,⏸️ WAIT
4062.T,21420.0,24027.1,20116.4,35.0%,56.0%,1.25x,1948.3,1.84,⏸️ WAIT
2002.T,2037.5,2105.0,2003.8,35.0%,56.3%,1.09x,20.0,-0.27,⏸️ WAIT
8338.T,717.0,778.4,686.3,35.0%,55.3%,0.78x,15.1,1.4,⏸️ WAIT
4502.T,5615.0,5820.4,5512.3,35.0%,54.6%,1.45x,218.6,-0.31,⏸️ WAIT
4483.T,3460.0,3688.6,3345.7,35.0%,55.0%,1.01x,14.0,0.49,⏸️ WAIT
9744.T,3253.0,3329.4,3214.8,35.0%,54.8%,1.04x,11.0,0.1,⏸️ WAIT
7167.T,1640.0,1719.8,1600.1,35.0%,54.2%,1.12x,40.7,0.61,⏸️ WAIT
4324.T,3535.0,3741.0,3432.0,35.0%,55.4%,1.09x,31.5,0.06,⏸️ WAIT
9021.T,3018.0,3111.0,2971.5,35.0%,54.9%,1.12x,54.7,0.09,⏸️ WAIT
7906.T,2543.0,2709.9,2459.6,35.0%,53.5%,1.59x,12.1,0.18,⏸️ WAIT
1951.T,2588.5,2669.4,2548.1,35.0%,55.1%,1.39x,11.1,0.54,⏸️ WAIT
5706.T,26200.0,28945.0,24827.5,35.0%,54.5%,1.19x,383.7,2.16,⏸️ WAIT
6525.T,8675.0,9700.6,8162.2,35.0%,55.3%,1.29x,746.7,1.89,⏸️ WAIT
5741.T,2261.0,2429.9,2176.6,35.0%,54.8%,0.98x,13.4,0.85,⏸️ WAIT
5802.T,2189.5,2357.3,2105.6,34.9%,55.6%,1.44x,338.4,1.71,⏸️ WAIT
4527.T,2835.0,2972.6,2766.2,34.9%,54.0%,1.01x,28.3,-0.25,⏸️ WAIT
4114.T,2538.5,2648.4,2483.5,34.9%,55.0%,0.98x,22.7,0.42,⏸️ WAIT
7733.T,1928.5,2036.9,1874.3,34.9%,55.8%,1.31x,85.2,0.01,⏸️ WAIT
3197.T,3369.0,3519.9,3293.6,34.9%,55.4%,1.09x,34.6,-0.33,⏸️ WAIT
9364.T,4820.0,4924.1,4767.9,34.9%,54.6%,1.14x,11.0,0.18,⏸️ WAIT
9147.T,5291.0,5563.7,5154.6,34.9%,54.8%,1.02x,49.7,0.55,⏸️ WAIT
4452.T,3413.0,3529.4,3354.8,34.9%,54.6%,1.45x,82.1,-0.1,⏸️ WAIT
6856.T,21885.0,23334.3,21160.4,34.9%,55.5%,0.96x,42.8,1.44,⏸️ WAIT
9468.T,3570.0,3736.9,3486.6,34.9%,54.5%,0.66x,11.8,-0.24,⏸️ WAIT
6269.T,9574.0,10233.3,9244.4,34.9%,54.4%,0.74x,60.8,1.54,⏸️ WAIT
2413.T,1666.0,1789.4,1604.3,34.9%,55.0%,0.92x,59.4,0.13,⏸️ WAIT
8795.T,4700.0,4914.7,4592.6,34.9%,55.3%,1.07x,60.9,0.45,⏸️ WAIT
6526.T,1867.0,2031.1,1784.9,34.9%,54.1%,1.23x,91.9,1.7,⏸️ WAIT
1969.T,4502.0,4699.6,4403.2,34.9%,55.0%,1.09x,21.6,1.06,⏸️ WAIT
6777.T,20270.0,22648.6,19080.7,34.9%,55.3%,1.13x,20.6,2.24,⏸️ WAIT
8410.T,332.8,344.2,327.1,34.9%,55.9%,1.11x,11.4,0.08,⏸️ WAIT
7956.T,1938.5,2033.0,1891.2,34.9%,54.1%,1.25x,18.0,0.36,⏸️ WAIT
4208.T,3416.0,3535.1,3356.4,34.8%,54.9%,0.94x,26.3,0.48,⏸️ WAIT
6417.T,1986.5,2055.1,1952.2,34.8%,54.9%,1.00x,16.3,-0.19,⏸️ WAIT
4543.T,2268.0,2377.9,2213.1,34.8%,55.1%,1.36x,97.6,0.65,⏸️ WAIT
7752.T,1539.0,1616.1,1500.5,34.8%,53.6%,1.22x,31.2,0.48,⏸️ WAIT
4194.T,8649.0,9135.0,8406.0,34.8%,54.2%,1.30x,16.7,0.27,⏸️ WAIT
6779.T,2737.0,3071.4,2569.8,34.8%,56.0%,2.81x,23.9,2.3,⏸️ WAIT
9404.T,2942.5,3061.4,2883.1,34.8%,54.2%,0.67x,15.0,0.05,⏸️ WAIT
7762.T,2259.0,2479.7,2148.6,34.8%,53.4%,1.12x,46.7,1.75,⏸️ WAIT
8304.T,3358.0,3507.9,3283.1,34.8%,54.1%,0.78x,47.7,0.4,⏸️ WAIT
6965.T,2244.0,2385.1,2173.5,34.8%,56.4%,1.41x,53.4,1.42,⏸️ WAIT
4971.T,6220.0,6780.0,5940.0,34.8%,55.6%,0.75x,15.2,1.82,⏸️ WAIT
2331.T,1193.5,1229.8,1175.4,34.8%,56.5%,1.22x,10.8,-0.23,⏸️ WAIT
6999.T,2128.0,2316.7,2033.6,34.8%,55.0%,0.86x,11.3,2.12,⏸️ WAIT
5938.T,1733.0,1769.6,1714.7,34.8%,55.2%,1.20x,29.6,0.29,⏸️ WAIT
8725.T,4947.0,5169.0,4836.0,34.8%,55.1%,1.46x,201.8,0.19,⏸️ WAIT
9706.T,5590.0,5831.6,5469.2,34.8%,53.3%,2.11x,122.3,0.13,⏸️ WAIT
5929.T,3473.0,3598.3,3410.4,34.8%,55.3%,1.32x,24.0,0.42,⏸️ WAIT
8001.T,2299.0,2413.1,2242.0,34.7%,56.2%,1.10x,417.2,0.08,⏸️ WAIT
6367.T,20835.0,21568.6,20468.2,34.7%,54.4%,1.05x,227.8,0.35,⏸️ WAIT
5016.T,3909.0,4267.9,3729.6,34.7%,54.6%,1.04x,762.4,1.37,⏸️ WAIT
3288.T,7568.0,7852.7,7425.6,34.7%,54.6%,0.57x,25.8,0.42,⏸️ WAIT
4612.T,1113.5,1165.6,1087.5,34.7%,55.1%,1.04x,31.7,0.81,⏸️ WAIT
2282.T,6142.0,6359.6,6033.2,34.7%,53.7%,0.95x,39.7,0.03,⏸️ WAIT
4704.T,5626.0,6035.3,5421.4,34.7%,55.3%,1.23x,56.2,-0.54,⏸️ WAIT
9684.T,2827.0,3022.4,2729.3,34.7%,55.6%,1.02x,28.4,0.31,⏸️ WAIT
9064.T,1932.5,2001.9,1897.8,34.7%,55.1%,0.95x,19.8,0.21,⏸️ WAIT
8361.T,7860.0,8327.1,7626.4,34.7%,55.6%,1.02x,11.9,0.72,⏸️ WAIT
6981.T,7128.0,7858.0,6763.0,34.7%,55.9%,1.02x,1381.2,2.27,⏸️ WAIT
6113.T,2433.0,2586.4,2356.3,34.7%,55.0%,1.04x,48.2,1.7,⏸️ WAIT
4063.T,5719.0,5908.6,5624.2,34.7%,55.8%,1.21x,376.3,0.52,⏸️ WAIT
4902.T,574.9,619.3,552.7,34.7%,53.8%,1.15x,28.3,0.8,⏸️ WAIT
1980.T,2865.0,3024.9,2785.1,34.7%,55.8%,0.79x,13.0,1.51,⏸️ WAIT
9616.T,3164.0,3324.7,3083.6,34.7%,54.6%,1.19x,22.2,0.13,⏸️ WAIT
3769.T,8466.0,9053.0,8172.5,34.7%,54.6%,1.23x,29.8,-0.44,⏸️ WAIT
4613.T,2797.0,2873.0,2759.0,34.7%,55.5%,1.38x,20.9,0.32,⏸️ WAIT
4061.T,3308.0,3504.9,3209.6,34.7%,55.3%,0.83x,20.5,1.07,⏸️ WAIT
6479.T,3377.0,3583.3,3273.9,34.7%,55.3%,1.02x,85.3,1.52,⏸️ WAIT
2502.T,1605.0,1652.3,1581.4,34.7%,55.0%,1.08x,89.2,0.1,⏸️ WAIT
8111.T,2095.0,2164.6,2060.2,34.7%,55.0%,1.13x,11.1,0.1,⏸️ WAIT
9831.T,693.1,721.3,679.0,34.7%,55.8%,1.09x,24.7,0.01,⏸️ WAIT
4401.T,4482.0,4715.0,4365.5,34.7%,55.4%,0.89x,11.8,0.76,⏸️ WAIT
6923.T,3420.0,3571.3,3344.4,34.7%,54.3%,0.93x,16.1,0.85,⏸️ WAIT
7173.T,1636.0,1723.4,1592.3,34.7%,55.1%,0.87x,16.5,1.02,⏸️ WAIT
3659.T,3115.0,3264.6,3040.2,34.6%,54.8%,1.13x,84.1,0.55,⏸️ WAIT
9008.T,788.8,812.5,777.0,34.6%,54.9%,1.12x,12.3,-0.15,⏸️ WAIT
1721.T,5467.0,5658.3,5371.4,34.6%,54.5%,1.42x,20.4,0.52,⏸️ WAIT
7012.T,2418.0,2566.6,2343.7,34.6%,54.2%,1.00x,263.2,1.09,⏸️ WAIT
6966.T,899.0,953.7,871.6,34.6%,55.1%,1.81x,16.9,1.35,⏸️ WAIT
8418.T,3110.0,3252.3,3038.9,34.6%,55.4%,0.98x,13.4,0.75,⏸️ WAIT
8303.T,1521.5,1590.9,1486.8,34.6%,56.0%,1.05x,45.0,0.69,⏸️ WAIT
7581.T,7220.0,7638.1,7011.0,34.6%,55.5%,0.97x,35.3,0.17,⏸️ WAIT
6136.T,3482.0,3686.4,3379.8,34.6%,54.9%,0.98x,10.5,1.27,⏸️ WAIT
6315.T,2189.0,2372.7,2097.1,34.6%,56.0%,1.29x,63.8,1.6,⏸️ WAIT
6754.T,3178.0,3399.9,3067.1,34.6%,55.1%,1.33x,31.3,1.5,⏸️ WAIT
7729.T,16720.0,18175.0,15992.5,34.6%,55.5%,1.10x,42.2,1.35,⏸️ WAIT
7731.T,1740.0,1854.8,1682.6,34.6%,55.4%,1.58x,33.1,0.62,⏸️ WAIT
4912.T,1775.5,1853.8,1736.4,34.6%,55.1%,1.09x,20.8,0.19,⏸️ WAIT
6055.T,2143.0,2335.4,2046.8,34.6%,56.7%,0.72x,12.5,1.13,⏸️ WAIT
4203.T,7660.0,8229.4,7375.3,34.6%,55.3%,2.21x,50.0,1.43,⏸️ WAIT
8630.T,6578.0,6837.0,6448.5,34.6%,56.0%,1.16x,147.5,0.19,⏸️ WAIT
5032.T,2855.0,2991.1,2786.9,34.6%,55.0%,1.45x,14.9,0.32,⏸️ WAIT
6875.T,10710.0,11527.1,10301.4,34.6%,55.7%,1.02x,12.0,1.38,⏸️ WAIT
9007.T,1789.5,1842.0,1763.2,34.6%,54.8%,1.38x,21.1,-0.02,⏸️ WAIT
4182.T,3858.0,4086.9,3743.6,34.6%,55.7%,0.91x,58.4,1.2,⏸️ WAIT
7721.T,7000.0,7654.3,6672.9,34.6%,54.3%,0.89x,15.2,1.65,⏸️ WAIT
7220.T,2776.0,3098.4,2614.8,34.6%,53.9%,0.89x,32.1,1.93,⏸️ WAIT
8050.T,9440.0,10751.4,8784.3,34.6%,54.1%,1.31x,58.1,1.58,⏸️ WAIT
2897.T,2916.5,3028.0,2860.8,34.6%,55.5%,1.09x,31.5,-0.24,⏸️ WAIT
6227.T,6440.0,7347.1,5986.4,34.6%,55.5%,0.81x,53.4,2.21,⏸️ WAIT
3092.T,1106.5,1150.3,1084.6,34.5%,54.5%,1.41x,25.6,0.08,⏸️ WAIT
6135.T,14760.0,15674.3,14302.9,34.5%,55.0%,1.05x,15.5,1.3,⏸️ WAIT
8331.T,2681.5,2829.1,2607.7,34.5%,54.7%,1.30x,66.4,0.66,⏸️ WAIT
6632.T,963.6,1009.5,940.6,34.5%,53.8%,1.06x,13.9,0.65,⏸️ WAIT
6504.T,13110.0,14035.7,12647.1,34.5%,55.6%,1.23x,92.7,1.51,⏸️ WAIT
4004.T,16070.0,17663.6,15273.2,34.5%,55.9%,0.94x,269.4,1.45,⏸️ WAIT
6481.T,6149.0,6581.3,5932.9,34.5%,55.4%,0.98x,54.6,1.55,⏸️ WAIT
4768.T,3500.0,3649.4,3425.3,34.5%,55.3%,1.13x,38.4,0.14,⏸️ WAIT
4118.T,5968.0,6207.6,5848.2,34.5%,55.2%,0.80x,10.8,0.55,⏸️ WAIT
6268.T,4530.0,4860.4,4364.8,34.5%,55.2%,1.33x,44.7,1.65,⏸️ WAIT
6758.T,3625.0,3812.9,3531.1,34.5%,55.2%,1.12x,549.5,0.43,⏸️ WAIT
5232.T,5635.0,5956.7,5474.1,34.5%,54.4%,1.31x,10.4,1.02,⏸️ WAIT
6507.T,12010.0,13102.9,11463.6,34.5%,56.0%,1.10x,15.7,1.61,⏸️ WAIT
4733.T,8010.0,8416.4,7806.8,34.5%,55.3%,1.34x,12.1,-0.04,⏸️ WAIT
6503.T,5168.0,5483.0,5010.5,34.5%,55.5%,1.02x,332.4,1.42,⏸️ WAIT
5108.T,3759.0,3899.7,3688.6,34.5%,55.1%,1.36x,140.8,0.19,⏸️ WAIT
6728.T,7062.0,7528.0,6829.0,34.5%,55.9%,0.78x,29.9,0.72,⏸️ WAIT
6890.T,9370.0,10301.4,8904.3,34.4%,55.6%,0.92x,82.3,2.16,⏸️ WAIT
3436.T,3122.0,3539.6,2913.2,34.4%,55.7%,0.93x,340.3,2.08,⏸️ WAIT
3861.T,864.0,888.4,851.8,34.4%,55.0%,0.92x,30.5,0.24,⏸️ WAIT
1719.T,1924.0,1976.4,1897.8,34.4%,55.3%,0.90x,10.9,0.36,⏸️ WAIT
5233.T,4136.0,4321.6,4043.2,34.4%,54.8%,1.12x,16.2,0.83,⏸️ WAIT
2181.T,279.0,290.4,273.3,34.4%,54.7%,1.32x,27.3,0.19,⏸️ WAIT
9005.T,1655.5,1699.3,1633.6,34.4%,56.0%,0.93x,39.6,-0.16,⏸️ WAIT
5832.T,3406.0,3559.3,3329.4,34.4%,55.5%,1.00x,12.3,0.72,⏸️ WAIT
5393.T,3330.0,3531.1,3229.4,34.4%,54.7%,1.50x,14.0,1.32,⏸️ WAIT
6752.T,4179.0,4476.3,4030.4,34.4%,56.4%,0.79x,278.8,1.57,⏸️ WAIT
6806.T,23885.0,25165.7,23244.6,34.4%,54.3%,0.87x,37.9,1.16,⏸️ WAIT
6963.T,4896.0,5373.1,4657.4,34.4%,56.0%,0.88x,152.9,1.9,⏸️ WAIT
4732.T,1914.5,1968.5,1887.5,34.4%,55.0%,1.14x,21.4,0.19,⏸️ WAIT
8227.T,3229.0,3351.4,3167.8,34.4%,55.4%,1.11x,20.3,-0.17,⏸️ WAIT
6952.T,2081.0,2270.8,1986.1,34.4%,54.2%,1.35x,44.1,1.24,⏸️ WAIT
6590.T,3960.0,4345.0,3767.5,34.4%,55.7%,0.56x,51.3,1.63,⏸️ WAIT
9041.T,3450.0,3537.9,3406.1,34.4%,55.1%,1.05x,19.3,0.0,⏸️ WAIT
8343.T,8930.0,9524.3,8632.9,34.4%,53.7%,0.85x,12.8,0.93,⏸️ WAIT
7867.T,3560.0,3711.1,3484.4,34.4%,54.8%,0.95x,14.4,0.28,⏸️ WAIT
6594.T,2591.0,2788.9,2492.1,34.4%,55.9%,0.68x,173.3,1.65,⏸️ WAIT
9072.T,5081.0,5343.4,4949.8,34.4%,53.6%,0.61x,13.2,0.52,⏸️ WAIT
5463.T,1736.0,1805.4,1701.3,34.4%,56.1%,0.71x,12.9,0.45,⏸️ WAIT
4523.T,4620.0,4795.9,4532.1,34.4%,56.4%,1.20x,51.3,-0.33,⏸️ WAIT
4307.T,4818.0,5124.7,4664.6,34.4%,54.7%,1.38x,113.8,0.12,⏸️ WAIT
4631.T,4646.0,4960.6,4488.7,34.4%,56.5%,0.77x,33.3,1.1,⏸️ WAIT
6101.T,5030.0,5506.4,4791.8,34.4%,55.9%,1.26x,14.9,1.79,⏸️ WAIT
6592.T,1683.5,1757.2,1646.6,34.3%,54.9%,0.67x,22.9,0.87,⏸️ WAIT
8918.T,10.0,12.0,9.0,34.3%,56.2%,0.91x,38.2,0.05,⏸️ WAIT
8766.T,7701.0,8052.7,7525.1,34.3%,54.8%,1.07x,412.0,0.27,⏸️ WAIT
6941.T,7630.0,8374.3,7257.9,34.3%,55.9%,1.31x,18.5,1.86,⏸️ WAIT
3778.T,3750.0,4144.3,3552.9,34.3%,55.6%,0.87x,25.8,0.44,⏸️ WAIT
3186.T,2950.0,3182.9,2833.6,34.3%,54.2%,1.49x,17.2,1.38,⏸️ WAIT
6645.T,6037.0,6464.9,5823.1,34.3%,55.4%,1.23x,65.5,1.39,⏸️ WAIT
4676.T,4022.0,4195.4,3935.3,34.3%,56.7%,1.03x,21.4,-0.21,⏸️ WAIT
2871.T,2142.0,2215.9,2105.0,34.3%,55.1%,1.17x,26.4,-0.13,⏸️ WAIT
6324.T,5820.0,6382.9,5538.6,34.3%,55.4%,0.94x,60.8,2.16,⏸️ WAIT
6996.T,2535.0,2789.4,2407.8,34.3%,55.9%,0.83x,36.3,1.94,⏸️ WAIT
3132.T,3551.0,3833.0,3410.0,34.3%,55.3%,1.08x,24.0,1.91,⏸️ WAIT
6407.T,5310.0,5817.1,5056.4,34.3%,56.2%,1.27x,25.9,1.75,⏸️ WAIT
2801.T,1695.0,1773.9,1655.5,34.3%,55.5%,0.97x,64.2,-0.27,⏸️ WAIT
3402.T,1222.0,1280.9,1192.5,34.3%,55.9%,1.10x,50.0,0.7,⏸️ WAIT
5076.T,2800.0,2923.6,2738.2,34.3%,54.3%,1.17x,36.2,0.97,⏸️ WAIT
6622.T,12500.0,13491.4,12004.3,34.3%,55.6%,0.86x,19.9,1.88,⏸️ WAIT
4722.T,2421.0,2434.3,2414.4,34.3%,55.5%,1.47x,10.9,-0.0,⏸️ WAIT
8088.T,2177.0,2279.0,2126.0,34.3%,55.2%,1.10x,17.7,0.38,⏸️ WAIT
7532.T,755.6,794.3,736.2,34.3%,54.6%,1.11x,136.7,0.83,⏸️ WAIT
7701.T,3762.0,3904.7,3690.6,34.2%,55.2%,1.18x,37.0,0.64,⏸️ WAIT
6703.T,2687.0,2881.0,2590.0,34.2%,54.7%,0.75x,16.2,1.9,⏸️ WAIT
3103.T,1456.0,1722.3,1322.9,34.2%,55.4%,0.92x,129.1,2.26,⏸️ WAIT
7966.T,5330.0,5715.7,5137.1,34.2%,56.0%,0.66x,147.3,1.37,⏸️ WAIT
9449.T,3782.0,3992.6,3676.7,34.2%,55.0%,1.15x,11.2,0.45,⏸️ WAIT
2702.T,8150.0,8431.4,8009.3,34.2%,55.6%,1.17x,35.1,-0.35,⏸️ WAIT
8341.T,3845.0,4036.0,3749.5,34.2%,55.9%,1.05x,21.8,0.7,⏸️ WAIT
6902.T,1888.5,1949.0,1858.2,34.2%,56.2%,1.24x,125.2,0.5,⏸️ WAIT
9202.T,2951.0,3034.0,2909.5,34.2%,54.7%,1.15x,70.6,0.39,⏸️ WAIT
3397.T,4243.0,4396.9,4166.1,34.2%,55.2%,0.83x,16.0,-0.5,⏸️ WAIT
1332.T,1185.5,1230.1,1163.2,34.2%,55.1%,0.88x,27.8,-0.12,⏸️ WAIT
6203.T,2140.0,2421.0,1999.5,34.2%,56.9%,2.37x,219.7,1.95,⏸️ WAIT
8334.T,2799.5,2932.6,2732.9,34.2%,56.2%,1.58x,26.2,0.57,⏸️ WAIT
6701.T,4503.0,4817.9,4345.6,34.2%,55.6%,1.11x,287.9,0.41,⏸️ WAIT
6861.T,76280.0,80145.7,74347.1,34.2%,54.6%,0.97x,410.2,1.18,⏸️ WAIT
9301.T,1530.5,1576.5,1507.5,34.2%,57.2%,0.80x,13.2,0.16,⏸️ WAIT
6254.T,3360.0,3622.1,3228.9,34.2%,56.2%,0.96x,14.6,1.69,⏸️ WAIT
8524.T,1263.0,1332.6,1228.2,34.2%,56.7%,0.90x,18.4,0.73,⏸️ WAIT
5801.T,4129.0,4644.9,3871.1,34.1%,56.9%,1.70x,847.5,1.81,⏸️ WAIT
6702.T,3745.0,3956.1,3639.4,34.1%,55.8%,1.25x,215.1,0.59,⏸️ WAIT
4536.T,1758.5,1844.1,1715.7,34.1%,56.0%,0.86x,20.7,0.17,⏸️ WAIT
8388.T,9710.0,10355.7,9387.1,34.1%,55.3%,0.68x,10.2,0.79,⏸️ WAIT
8802.T,3682.0,3840.4,3602.8,34.1%,55.5%,0.93x,120.6,0.29,⏸️ WAIT
6376.T,3420.0,3772.9,3243.6,34.1%,55.1%,0.63x,13.8,1.68,⏸️ WAIT
3923.T,1020.5,1110.5,975.5,34.1%,55.9%,1.06x,18.5,0.16,⏸️ WAIT
6954.T,5848.0,6172.3,5685.9,34.1%,56.1%,0.95x,272.0,1.06,⏸️ WAIT
9433.T,2976.5,3074.3,2927.6,34.1%,56.4%,1.19x,194.1,0.03,⏸️ WAIT
9065.T,8073.0,8357.1,7930.9,34.1%,55.4%,1.49x,12.2,0.5,⏸️ WAIT
4716.T,8850.0,9278.9,8635.6,34.1%,55.2%,1.19x,20.6,0.26,⏸️ WAIT
6448.T,4382.0,4638.0,4254.0,34.1%,55.3%,1.20x,48.4,0.49,⏸️ WAIT
2914.T,6610.0,6801.9,6514.1,34.1%,56.6%,0.84x,242.4,0.15,⏸️ WAIT
2875.T,10110.0,10495.0,9917.5,34.1%,55.3%,1.30x,43.1,0.07,⏸️ WAIT
3382.T,2028.5,2091.9,1996.8,34.1%,56.3%,1.06x,152.8,-0.12,⏸️ WAIT
6762.T,2812.5,3030.9,2703.3,34.1%,53.9%,1.22x,278.6,1.64,⏸️ WAIT
8593.T,1379.5,1414.0,1362.2,34.0%,56.5%,1.16x,54.2,0.07,⏸️ WAIT
9989.T,3708.0,3806.4,3658.8,34.0%,55.4%,1.01x,18.0,0.11,⏸️ WAIT
6961.T,9950.0,11047.1,9401.4,34.0%,55.6%,0.75x,13.0,2.46,⏸️ WAIT
4578.T,11675.0,12165.7,11429.6,34.0%,55.8%,1.14x,128.1,0.03,⏸️ WAIT
6058.T,1932.0,2121.6,1837.2,34.0%,54.0%,1.24x,10.2,0.98,⏸️ WAIT
3110.T,3065.0,3407.6,2893.7,34.0%,56.4%,1.03x,125.9,2.08,⏸️ WAIT
4461.T,13140.0,14857.1,12281.4,34.0%,56.1%,1.10x,28.3,2.38,⏸️ WAIT
4911.T,3351.0,3563.1,3244.9,34.0%,54.1%,0.97x,79.7,0.47,⏸️ WAIT
1944.T,7153.0,7491.6,6983.7,34.0%,56.0%,1.38x,42.6,1.08,⏸️ WAIT
7014.T,4895.0,5352.9,4666.1,34.0%,55.2%,0.82x,90.4,1.6,⏸️ WAIT
6361.T,4392.0,4728.6,4223.7,34.0%,55.5%,0.84x,130.3,1.32,⏸️ WAIT
8306.T,3601.0,3767.1,3517.9,33.9%,56.6%,0.78x,1575.5,0.44,⏸️ WAIT
6278.T,13570.0,14977.1,12866.4,33.9%,56.2%,1.08x,25.5,1.98,⏸️ WAIT
8022.T,4040.0,4281.4,3919.3,33.9%,57.2%,2.16x,10.3,0.15,⏸️ WAIT
7936.T,4100.0,4461.3,3919.4,33.9%,56.6%,1.80x,282.5,0.77,⏸️ WAIT
1878.T,3301.0,3403.1,3249.9,33.9%,54.5%,0.99x,46.6,-0.01,⏸️ WAIT
4967.T,5700.0,5887.0,5606.5,33.9%,56.3%,1.24x,14.6,-0.14,⏸️ WAIT
2267.T,2794.0,2891.6,2745.2,33.9%,56.5%,1.43x,27.4,-0.17,⏸️ WAIT
4812.T,2854.0,2914.9,2823.6,33.9%,56.7%,0.65x,41.4,0.01,⏸️ WAIT
8830.T,3307.0,3455.1,3232.9,33.9%,55.0%,1.38x,107.2,0.35,⏸️ WAIT
6368.T,12550.0,13483.6,12083.2,33.9%,56.3%,1.40x,24.8,1.7,⏸️ WAIT
8020.T,2265.5,2359.6,2218.5,33.9%,56.4%,0.94x,11.4,0.43,⏸️ WAIT
7003.T,4484.0,4826.3,4312.9,33.9%,54.8%,0.98x,99.7,1.44,⏸️ WAIT
5344.T,57740.0,62530.0,55345.0,33.9%,56.0%,0.90x,70.0,2.05,⏸️ WAIT
9042.T,4689.0,4845.6,4610.7,33.9%,55.5%,1.06x,27.5,0.0,⏸️ WAIT
4528.T,2353.0,2459.3,2299.9,33.9%,55.0%,0.99x,33.1,-0.17,⏸️ WAIT
7327.T,2553.0,2677.1,2490.9,33.9%,56.2%,1.09x,19.9,0.6,⏸️ WAIT
8267.T,1383.5,1446.2,1352.2,33.9%,56.6%,0.94x,147.3,-0.05,⏸️ WAIT
6506.T,4503.0,4792.1,4358.4,33.9%,56.1%,0.89x,136.4,1.47,⏸️ WAIT
6383.T,5631.0,5935.4,5478.8,33.8%,55.9%,0.66x,89.0,1.28,⏸️ WAIT
4368.T,2875.0,3082.9,2771.1,33.8%,56.7%,0.85x,18.9,1.67,⏸️ WAIT
4980.T,2845.0,3075.8,2729.6,33.8%,54.5%,1.23x,29.8,1.88,⏸️ WAIT
6016.T,11710.0,12958.6,11085.7,33.8%,55.0%,1.19x,11.9,0.89,⏸️ WAIT
2222.T,2455.0,2588.8,2388.1,33.8%,54.2%,1.01x,31.6,0.01,⏸️ WAIT
6523.T,1264.0,1372.6,1209.7,33.8%,54.8%,1.50x,12.5,0.71,⏸️ WAIT
7309.T,18275.0,19072.1,17876.4,33.8%,55.7%,0.97x,52.7,0.21,⏸️ WAIT
9412.T,2018.0,2150.7,1951.6,33.8%,55.3%,0.96x,28.2,0.95,⏸️ WAIT
4091.T,5438.0,5699.0,5307.5,33.8%,55.9%,1.04x,29.9,0.56,⏸️ WAIT
5803.T,5493.0,6088.3,5195.4,33.8%,56.5%,1.34x,1949.2,1.87,⏸️ WAIT
6273.T,67890.0,72444.3,65612.9,33.8%,56.6%,1.36x,158.9,1.18,⏸️ WAIT
6971.T,3406.0,3581.9,3318.1,33.8%,56.1%,1.41x,144.0,0.94,⏸️ WAIT
4186.T,8378.0,9007.6,8063.2,33.8%,55.6%,0.90x,57.7,1.45,⏸️ WAIT
6841.T,4637.0,4918.9,4496.1,33.8%,54.3%,0.94x,61.0,1.35,⏸️ WAIT
6524.T,5010.0,5546.4,4741.8,33.8%,55.1%,1.50x,12.5,2.2,⏸️ WAIT
4180.T,1393.0,1552.6,1313.2,33.8%,56.7%,0.66x,32.6,1.17,⏸️ WAIT
6146.T,53590.0,58690.0,51040.0,33.8%,56.4%,1.08x,752.0,1.53,⏸️ WAIT
7747.T,3261.0,3502.4,3140.3,33.8%,55.1%,1.12x,57.8,0.67,⏸️ WAIT
5332.T,5803.0,6109.0,5650.0,33.8%,55.1%,1.10x,56.1,1.3,⏸️ WAIT
6674.T,5229.0,5568.7,5059.1,33.7%,55.8%,1.26x,38.0,1.42,⏸️ WAIT
9143.T,1455.0,1507.8,1428.6,33.7%,56.5%,0.88x,21.3,0.32,⏸️ WAIT
5214.T,4791.0,5043.0,4665.0,33.7%,55.9%,0.93x,35.0,1.38,⏸️ WAIT
6472.T,370.9,391.5,360.6,33.7%,55.7%,1.09x,12.5,1.09,⏸️ WAIT
6857.T,32840.0,36191.4,31164.3,33.7%,55.9%,1.13x,3025.5,1.52,⏸️ WAIT
4021.T,8002.0,8457.6,7774.2,33.7%,55.5%,1.26x,37.6,1.04,⏸️ WAIT
7337.T,2301.5,2401.0,2251.8,33.7%,55.8%,1.08x,12.8,0.61,⏸️ WAIT
6925.T,3641.0,3880.0,3521.5,33.7%,55.5%,0.61x,13.8,1.93,⏸️ WAIT
4151.T,2224.0,2387.8,2142.1,33.7%,53.9%,1.55x,50.2,0.66,⏸️ WAIT
6098.T,15305.0,16544.3,14685.4,33.7%,55.9%,1.31x,705.8,0.93,⏸️ WAIT
8368.T,2282.0,2429.3,2208.4,33.7%,56.8%,0.73x,15.5,1.15,⏸️ WAIT
2579.T,3754.0,3913.1,3674.4,33.7%,55.0%,0.85x,25.8,0.32,⏸️ WAIT
6997.T,2731.0,3060.9,2566.1,33.7%,57.0%,1.47x,29.3,2.46,⏸️ WAIT
6871.T,12760.0,14200.0,12040.0,33.7%,55.6%,1.23x,112.8,1.84,⏸️ WAIT
3405.T,1785.5,1870.1,1743.2,33.7%,56.6%,0.99x,24.0,0.16,⏸️ WAIT
5901.T,4502.0,4661.6,4422.2,33.7%,57.0%,0.78x,12.7,0.31,⏸️ WAIT
5805.T,14660.0,16092.9,13943.6,33.7%,55.9%,1.42x,39.2,1.85,⏸️ WAIT
7282.T,5089.0,5382.6,4942.2,33.7%,54.9%,0.97x,28.3,1.23,⏸️ WAIT
6134.T,6999.0,7537.6,6729.7,33.7%,56.7%,1.05x,44.2,1.82,⏸️ WAIT
1802.T,3108.0,3230.5,3046.8,33.7%,57.3%,1.28x,70.6,0.45,⏸️ WAIT
7912.T,3055.0,3193.0,2986.0,33.7%,57.0%,1.09x,36.5,0.54,⏸️ WAIT
4689.T,516.4,544.7,502.2,33.7%,54.7%,0.96x,88.8,0.36,⏸️ WAIT
1893.T,1510.0,1585.8,1472.1,33.7%,56.3%,1.64x,26.5,1.18,⏸️ WAIT
9532.T,5945.0,6185.6,5824.7,33.6%,56.2%,1.20x,52.4,-0.11,⏸️ WAIT
9984.T,6810.0,7465.6,6482.2,33.6%,55.9%,1.27x,5133.3,2.6,⏸️ WAIT
5110.T,2027.5,2152.0,1965.2,33.6%,54.9%,1.00x,57.6,0.76,⏸️ WAIT
7389.T,1875.0,2014.6,1805.2,33.6%,56.9%,0.66x,17.6,0.52,⏸️ WAIT
4568.T,2710.5,2847.1,2642.2,33.6%,55.9%,1.15x,146.2,-0.36,⏸️ WAIT
9735.T,6282.0,6462.3,6191.9,33.6%,56.7%,1.21x,66.7,-0.13,⏸️ WAIT
6951.T,7329.0,7804.7,7091.1,33.6%,56.4%,1.66x,22.6,1.18,⏸️ WAIT
7181.T,1706.5,1782.7,1668.4,33.6%,56.9%,1.04x,36.5,0.43,⏸️ WAIT
9001.T,2926.0,3003.8,2887.1,33.6%,55.8%,1.09x,17.3,-0.15,⏸️ WAIT
2212.T,3848.0,4007.0,3768.5,33.6%,57.7%,1.08x,23.1,-0.55,⏸️ WAIT
1515.T,3740.0,4242.1,3488.9,33.6%,54.6%,0.63x,33.2,1.62,⏸️ WAIT
6724.T,3001.0,3167.5,2917.8,33.6%,55.6%,1.36x,45.2,0.8,⏸️ WAIT
5334.T,7446.0,7962.1,7187.9,33.5%,55.6%,1.51x,105.4,1.33,⏸️ WAIT
6366.T,736.0,782.6,712.7,33.5%,56.0%,0.83x,12.1,1.22,⏸️ WAIT
2175.T,2531.0,2678.1,2457.4,33.5%,55.0%,0.95x,12.9,0.37,⏸️ WAIT
7259.T,2186.5,2282.3,2138.6,33.5%,56.2%,1.72x,57.7,0.82,⏸️ WAIT
1860.T,1529.0,1583.1,1502.0,33.5%,55.9%,0.79x,12.0,0.29,⏸️ WAIT
3635.T,1636.5,1709.3,1600.1,33.5%,55.5%,0.87x,12.9,0.13,⏸️ WAIT
3994.T,5879.0,6593.0,5522.0,33.5%,56.8%,0.62x,41.5,0.71,⏸️ WAIT
4023.T,4470.0,4655.7,4377.1,33.5%,56.7%,1.06x,10.4,0.18,⏸️ WAIT
3626.T,3800.0,3994.0,3703.0,33.5%,55.6%,1.02x,34.2,0.13,⏸️ WAIT
5333.T,5138.0,5489.9,4962.1,33.5%,57.0%,0.99x,84.0,1.62,⏸️ WAIT
7011.T,3813.0,4043.0,3698.0,33.5%,55.3%,1.12x,497.4,1.04,⏸️ WAIT
2782.T,4775.0,5047.9,4638.6,33.5%,57.0%,0.96x,22.5,0.1,⏸️ WAIT
7751.T,4317.0,4470.6,4240.2,33.5%,55.0%,1.27x,148.8,0.2,⏸️ WAIT
6834.T,5470.0,6499.4,4955.3,33.5%,55.7%,1.01x,52.7,3.34,⏸️ WAIT
1942.T,5752.0,6037.6,5609.2,33.4%,57.2%,1.21x,39.3,1.25,⏸️ WAIT
7453.T,4085.0,4323.9,3965.6,33.4%,54.7%,1.02x,119.3,0.57,⏸️ WAIT
5711.T,5386.0,6016.9,5070.6,33.4%,54.7%,0.88x,122.2,1.29,⏸️ WAIT
3687.T,2244.0,2465.9,2133.1,33.4%,55.5%,1.84x,18.1,1.89,⏸️ WAIT
1605.T,3912.0,4139.9,3798.1,33.4%,55.4%,1.10x,211.1,-0.12,⏸️ WAIT
9432.T,172.2,178.7,168.9,33.4%,55.4%,1.02x,343.9,0.02,⏸️ WAIT
7180.T,1568.0,1641.0,1531.5,33.4%,57.3%,0.76x,17.3,0.51,⏸️ WAIT
5991.T,3325.0,3539.0,3218.0,33.4%,56.7%,0.86x,18.8,1.33,⏸️ WAIT
8252.T,2862.0,2945.0,2820.5,33.4%,56.9%,1.11x,30.1,-0.04,⏸️ WAIT
8411.T,8476.0,8896.6,8265.7,33.4%,57.5%,0.86x,772.6,0.55,⏸️ WAIT
9020.T,3538.0,3662.4,3475.8,33.4%,54.8%,0.99x,99.3,0.23,⏸️ WAIT
5201.T,5581.0,5828.0,5457.5,33.4%,55.3%,1.13x,69.3,1.02,⏸️ WAIT
5714.T,9456.0,10287.9,9040.1,33.3%,55.1%,1.36x,39.9,1.21,⏸️ WAIT
2433.T,1294.0,1365.4,1258.3,33.3%,54.6%,0.97x,10.4,-0.04,⏸️ WAIT
4565.T,1190.0,1292.1,1138.9,33.3%,57.7%,0.85x,18.1,-0.51,⏸️ WAIT
6532.T,7215.0,7700.9,6972.0,33.3%,55.7%,1.02x,74.4,0.01,⏸️ WAIT
5471.T,2385.5,2562.8,2296.9,33.3%,56.8%,0.85x,23.6,1.72,⏸️ WAIT
3401.T,1645.5,1730.4,1603.0,33.3%,55.9%,1.17x,10.6,0.27,⏸️ WAIT
2354.T,1387.0,1607.0,1277.0,33.3%,56.0%,0.94x,12.0,1.52,⏸️ WAIT
9006.T,1559.5,1601.0,1538.8,33.3%,55.4%,1.04x,12.2,-0.09,⏸️ WAIT
8601.T,1797.0,1874.4,1758.3,33.3%,55.0%,1.08x,75.7,0.5,⏸️ WAIT
3774.T,3231.0,3404.7,3144.1,33.3%,56.8%,1.06x,12.8,0.23,⏸️ WAIT
2670.T,2670.0,2763.6,2623.2,33.3%,56.9%,0.74x,16.5,0.08,⏸️ WAIT
7911.T,5070.0,5434.7,4887.6,33.3%,57.5%,1.07x,77.5,1.3,⏸️ WAIT
9107.T,3348.0,3580.6,3231.7,33.3%,55.6%,0.98x,134.9,0.05,⏸️ WAIT
6501.T,5173.0,5456.6,5031.2,33.3%,55.5%,1.09x,408.5,0.87,⏸️ WAIT
3105.T,2308.5,2460.6,2232.4,33.3%,58.1%,1.17x,18.2,1.22,⏸️ WAIT
8750.T,1804.0,1885.9,1763.1,33.3%,56.0%,1.19x,139.8,0.46,⏸️ WAIT
5631.T,7312.0,7886.3,7024.9,33.3%,55.7%,0.98x,59.3,0.95,⏸️ WAIT
7276.T,2594.5,2696.6,2543.4,33.3%,56.1%,1.14x,19.6,0.8,⏸️ WAIT
6027.T,5290.0,6199.3,4835.4,33.3%,55.9%,1.16x,16.7,-0.97,⏸️ WAIT
1959.T,8192.0,8527.3,8024.4,33.2%,56.1%,1.09x,13.1,0.92,⏸️ WAIT
7270.T,2555.5,2667.6,2499.4,33.2%,55.8%,1.18x,104.3,0.6,⏸️ WAIT
6862.T,4510.0,5123.6,4203.2,33.2%,56.8%,0.56x,17.9,2.43,⏸️ WAIT
9962.T,3550.0,3785.9,3432.1,33.2%,55.6%,1.32x,40.3,1.32,⏸️ WAIT
4403.T,2654.0,2751.7,2605.1,33.2%,55.0%,0.88x,29.8,0.33,⏸️ WAIT
9983.T,66860.0,70229.2,65175.4,33.2%,56.0%,1.27x,767.7,0.36,⏸️ WAIT
3349.T,6625.0,6981.6,6446.7,33.2%,57.1%,0.87x,39.8,-0.24,⏸️ WAIT
8233.T,2101.0,2232.5,2035.3,33.2%,55.2%,1.01x,45.9,0.3,⏸️ WAIT
6855.T,6570.0,7250.0,6230.0,33.1%,56.7%,0.89x,31.4,2.05,⏸️ WAIT
3003.T,1752.0,1804.9,1725.6,33.1%,55.1%,0.83x,34.0,0.12,⏸️ WAIT
3563.T,5517.0,5958.4,5296.3,33.1%,55.5%,0.76x,155.8,0.16,⏸️ WAIT
6301.T,7418.0,7775.3,7239.4,33.1%,55.7%,1.12x,185.0,0.71,⏸️ WAIT
2492.T,701.0,773.6,664.7,33.1%,57.9%,0.80x,28.5,0.13,⏸️ WAIT
3231.T,916.8,940.2,905.1,33.1%,55.4%,0.87x,28.5,0.23,⏸️ WAIT
6920.T,35280.0,38861.4,33489.3,33.1%,57.2%,1.53x,1399.6,1.37,⏸️ WAIT
7278.T,5890.0,6067.1,5801.4,33.1%,54.8%,0.81x,16.2,0.46,⏸️ WAIT
1662.T,1911.0,2016.9,1858.1,33.1%,55.3%,1.06x,25.2,0.03,⏸️ WAIT
4369.T,3060.0,3315.6,2932.2,33.1%,56.2%,0.55x,17.4,1.36,⏸️ WAIT
7202.T,2168.0,2274.6,2114.7,33.1%,56.0%,1.15x,61.4,0.87,⏸️ WAIT
3391.T,2337.0,2450.9,2280.0,33.1%,56.3%,1.21x,33.9,-0.15,⏸️ WAIT
7649.T,1307.0,1364.8,1278.1,33.1%,57.1%,1.00x,33.1,0.05,⏸️ WAIT
7267.T,1620.0,1707.4,1576.3,33.1%,57.0%,1.02x,246.2,0.62,⏸️ WAIT
9104.T,7039.0,7492.3,6812.4,33.1%,56.9%,0.66x,216.3,-0.11,⏸️ WAIT
3697.T,830.9,916.2,788.2,33.0%,55.3%,0.72x,46.0,0.02,⏸️ WAIT
5713.T,10370.0,11598.1,9755.9,33.0%,55.6%,1.24x,265.2,1.47,⏸️ WAIT
6723.T,3315.0,3605.7,3169.6,33.0%,56.3%,0.86x,355.7,1.41,⏸️ WAIT
2587.T,4463.0,4599.0,4395.0,33.0%,57.1%,0.86x,51.2,-0.22,⏸️ WAIT
7741.T,23210.0,24345.0,22642.5,33.0%,56.8%,1.27x,288.8,0.54,⏸️ WAIT
8604.T,1616.0,1691.9,1578.1,33.0%,54.9%,1.03x,145.3,0.57,⏸️ WAIT
4088.T,2920.0,3139.3,2810.4,33.0%,57.0%,0.75x,70.5,0.43,⏸️ WAIT
6432.T,7260.0,7723.7,7028.2,33.0%,55.1%,1.12x,16.7,1.05,⏸️ WAIT
3407.T,1567.0,1633.4,1533.8,33.0%,56.8%,1.39x,70.9,0.54,⏸️ WAIT
5406.T,2035.0,2107.3,1998.9,33.0%,56.8%,0.90x,37.6,0.42,⏸️ WAIT
1801.T,13340.0,14089.3,12965.4,33.0%,56.6%,1.18x,91.2,0.65,⏸️ WAIT
6814.T,7480.0,8008.3,7215.8,33.0%,56.6%,0.75x,21.1,1.12,⏸️ WAIT
6330.T,2891.0,3325.4,2673.8,33.0%,56.8%,1.33x,253.4,1.51,⏸️ WAIT
4661.T,3143.0,3277.9,3075.6,33.0%,58.5%,1.09x,186.6,-0.08,⏸️ WAIT
6508.T,10810.0,11965.7,10232.1,33.0%,55.7%,1.05x,23.8,1.95,⏸️ WAIT
7182.T,3210.0,3378.1,3125.9,33.0%,56.5%,0.89x,190.3,0.41,⏸️ WAIT
7189.T,4716.0,4967.3,4590.4,33.0%,57.2%,0.79x,19.1,0.61,⏸️ WAIT
1812.T,5187.0,5429.6,5065.7,32.9%,57.8%,1.48x,104.6,0.81,⏸️ WAIT
4626.T,4720.0,4761.0,4699.5,32.9%,57.4%,0.91x,15.6,0.2,⏸️ WAIT
2531.T,2446.0,2599.5,2369.2,32.9%,57.3%,0.63x,15.2,0.6,⏸️ WAIT
9022.T,3865.0,4019.6,3787.7,32.9%,55.5%,1.30x,85.1,-0.15,⏸️ WAIT
9024.T,3638.0,3792.0,3561.0,32.9%,57.6%,1.08x,41.6,-0.23,⏸️ WAIT
7550.T,11735.0,12418.6,11393.2,32.9%,57.4%,1.02x,55.0,-0.11,⏸️ WAIT
6586.T,5211.0,5408.4,5112.3,32.9%,56.0%,0.87x,33.2,0.68,⏸️ WAIT
6988.T,3175.0,3363.9,3080.6,32.9%,55.6%,1.49x,98.1,0.61,⏸️ WAIT
8035.T,53700.0,58252.9,51423.6,32.9%,57.0%,1.25x,1536.6,1.31,⏸️ WAIT
8031.T,5156.0,5422.6,5022.7,32.9%,56.4%,0.75x,374.8,0.01,⏸️ WAIT
2127.T,625.1,651.5,611.9,32.9%,55.3%,1.00x,29.8,0.4,⏸️ WAIT
8473.T,3217.0,3419.0,3116.0,32.9%,55.5%,1.19x,140.4,0.91,⏸️ WAIT
3116.T,2215.0,2306.9,2169.0,32.8%,56.3%,1.04x,11.4,0.74,⏸️ WAIT
6976.T,8972.0,10143.6,8386.2,32.8%,58.4%,1.06x,2618.6,2.41,⏸️ WAIT
9201.T,2990.5,3084.4,2943.5,32.8%,55.9%,1.11x,53.5,0.39,⏸️ WAIT
3289.T,1303.5,1347.0,1281.8,32.8%,56.2%,0.87x,36.7,0.22,⏸️ WAIT
3350.T,251.0,315.3,218.9,32.8%,55.2%,0.71x,105.6,1.48,⏸️ WAIT
1925.T,4631.0,4753.0,4570.0,32.8%,55.5%,1.15x,80.7,-0.09,⏸️ WAIT
5857.T,3750.0,4090.7,3579.6,32.8%,56.1%,1.06x,21.4,1.11,⏸️ WAIT
3086.T,2600.0,2770.2,2514.9,32.8%,55.2%,0.62x,52.5,0.28,⏸️ WAIT
8015.T,7517.0,7963.4,7293.8,32.8%,55.3%,1.45x,161.5,0.91,⏸️ WAIT
8801.T,1505.5,1565.9,1475.3,32.8%,56.0%,0.98x,131.1,0.2,⏸️ WAIT
8309.T,1730.0,1811.3,1689.4,32.8%,55.3%,1.20x,151.2,0.49,⏸️ WAIT
7564.T,5880.0,6254.3,5692.9,32.8%,55.2%,0.68x,29.0,0.08,⏸️ WAIT
4107.T,4055.0,4441.4,3861.8,32.8%,56.0%,0.59x,11.3,0.55,⏸️ WAIT
9101.T,7201.0,7654.0,6974.5,32.8%,56.6%,0.86x,224.3,0.11,⏸️ WAIT
9531.T,6253.0,6519.6,6119.7,32.8%,56.4%,1.36x,54.5,0.04,⏸️ WAIT
4042.T,2594.0,2689.0,2546.5,32.8%,55.4%,1.04x,26.5,0.63,⏸️ WAIT
5020.T,1459.0,1535.6,1420.7,32.8%,58.3%,1.45x,134.2,0.34,⏸️ WAIT
1808.T,2821.5,2926.4,2769.0,32.7%,56.0%,1.22x,26.2,0.25,⏸️ WAIT
5021.T,4520.0,4732.9,4413.6,32.7%,58.4%,1.13x,26.1,0.15,⏸️ WAIT
7261.T,1118.0,1190.1,1082.0,32.7%,55.3%,0.76x,102.4,0.87,⏸️ WAIT
6471.T,1060.5,1115.1,1033.2,32.7%,56.0%,1.25x,28.2,1.16,⏸️ WAIT
6770.T,2124.0,2260.5,2055.8,32.7%,56.4%,0.86x,43.5,0.98,⏸️ WAIT
7013.T,2800.5,3024.4,2688.6,32.7%,56.5%,1.41x,336.3,1.42,⏸️ WAIT
9513.T,4158.0,4337.3,4068.4,32.6%,56.1%,0.99x,20.4,0.2,⏸️ WAIT
4507.T,2846.5,2960.3,2789.6,32.6%,56.6%,0.97x,87.3,-0.09,⏸️ WAIT
7269.T,1989.5,2104.5,1932.0,32.6%,55.5%,1.03x,123.7,0.94,⏸️ WAIT
1803.T,2533.5,2653.6,2473.5,32.6%,56.7%,1.18x,80.3,0.71,⏸️ WAIT
4082.T,2518.0,2953.4,2300.3,32.6%,56.3%,0.33x,34.6,2.06,⏸️ WAIT
7272.T,1742.5,1862.0,1682.8,32.6%,55.8%,1.11x,111.9,0.66,⏸️ WAIT
7186.T,1853.0,1947.2,1805.9,32.6%,55.3%,1.29x,69.7,0.5,⏸️ WAIT
4443.T,1976.0,2184.9,1871.6,32.6%,55.4%,1.03x,29.9,0.47,⏸️ WAIT
4392.T,1000.0,1208.6,895.7,32.6%,57.5%,0.66x,25.0,0.15,⏸️ WAIT
7211.T,356.7,384.5,342.8,32.6%,55.8%,1.03x,45.9,1.05,⏸️ WAIT
3046.T,5610.0,5976.1,5427.0,32.6%,57.5%,0.61x,14.5,0.3,⏸️ WAIT
8439.T,2633.0,2755.5,2571.8,32.6%,55.9%,0.87x,17.9,0.33,⏸️ WAIT
7203.T,2971.0,3116.8,2898.1,32.5%,55.8%,1.11x,680.9,0.73,⏸️ WAIT
9009.T,1396.0,1447.9,1370.1,32.5%,57.2%,1.06x,26.1,0.05,⏸️ WAIT
8697.T,2200.0,2294.1,2153.0,32.5%,56.7%,0.97x,83.1,0.6,⏸️ WAIT
2726.T,1512.0,1613.6,1461.2,32.5%,57.7%,0.75x,18.9,-0.02,⏸️ WAIT
5411.T,1830.0,1923.8,1783.1,32.5%,56.8%,0.75x,112.2,0.46,⏸️ WAIT
7201.T,307.3,328.1,296.9,32.5%,56.7%,0.94x,130.4,1.14,⏸️ WAIT
4204.T,2499.5,2574.9,2461.8,32.5%,55.4%,1.16x,33.5,0.4,⏸️ WAIT
3038.T,3108.0,3298.6,3012.7,32.5%,57.9%,0.81x,112.0,-0.08,⏸️ WAIT
2121.T,3460.0,3651.4,3364.3,32.4%,55.9%,0.99x,10.0,-0.18,⏸️ WAIT
3498.T,7470.0,7963.3,7223.4,32.4%,56.7%,0.91x,16.6,0.6,⏸️ WAIT
7988.T,4921.0,5123.4,4819.8,32.4%,56.5%,0.88x,13.6,0.48,⏸️ WAIT
1963.T,2440.0,2586.0,2367.0,32.4%,57.9%,1.14x,36.4,0.7,⏸️ WAIT
7826.T,11250.0,12430.0,10660.0,32.4%,58.7%,1.12x,90.3,1.71,⏸️ WAIT
1928.T,3321.0,3406.9,3278.1,32.4%,56.6%,1.36x,83.9,0.17,⏸️ WAIT
6258.T,3575.0,3868.6,3428.2,32.4%,57.8%,0.87x,11.9,1.5,⏸️ WAIT
4373.T,1099.0,1174.9,1061.1,32.4%,56.2%,1.03x,16.0,0.37,⏸️ WAIT
2809.T,4650.0,4813.3,4568.4,32.3%,56.9%,1.19x,11.5,-0.24,⏸️ WAIT
5444.T,12175.0,12840.0,11842.5,32.3%,55.8%,0.95x,15.8,0.36,⏸️ WAIT
6305.T,5811.0,6206.6,5613.2,32.3%,57.1%,0.77x,80.3,0.19,⏸️ WAIT
9843.T,3287.0,3492.6,3184.2,32.3%,58.1%,0.80x,183.6,-0.13,⏸️ WAIT
6302.T,5700.0,6144.9,5477.6,32.3%,57.4%,0.75x,46.0,1.42,⏸️ WAIT
8876.T,2194.5,2279.6,2152.0,32.3%,57.5%,1.11x,10.5,-0.12,⏸️ WAIT
8058.T,5038.0,5296.0,4909.0,32.3%,57.7%,0.74x,487.1,0.24,⏸️ WAIT
4666.T,1952.0,2036.9,1909.5,32.3%,57.2%,1.04x,18.2,0.28,⏸️ WAIT
6473.T,2037.5,2177.5,1967.5,32.2%,56.4%,1.16x,29.6,0.85,⏸️ WAIT
8316.T,6801.0,7115.6,6643.7,32.2%,56.3%,0.81x,858.0,0.45,⏸️ WAIT
8628.T,1190.0,1246.4,1161.8,32.2%,56.0%,0.68x,10.8,0.14,⏸️ WAIT
6178.T,2400.0,2519.9,2340.0,32.2%,55.9%,0.80x,117.1,0.48,⏸️ WAIT
8053.T,1840.0,1945.1,1787.5,32.2%,57.4%,0.81x,223.7,0.72,⏸️ WAIT
4684.T,4822.0,5079.6,4693.2,32.2%,56.5%,0.93x,120.3,-0.02,⏸️ WAIT
5301.T,1980.0,2132.6,1903.7,32.2%,57.8%,2.08x,35.9,0.87,⏸️ WAIT
4202.T,1406.0,1462.0,1378.0,32.2%,56.1%,0.77x,12.1,0.66,⏸️ WAIT
9023.T,1526.0,1566.0,1506.0,32.1%,58.4%,1.21x,28.1,-0.24,⏸️ WAIT
8002.T,5145.0,5395.6,5019.7,32.1%,57.8%,0.93x,210.3,0.23,⏸️ WAIT
3941.T,1521.0,1584.9,1489.1,32.1%,57.0%,0.98x,12.8,0.59,⏸️ WAIT
3907.T,2121.0,2747.6,1807.7,32.1%,56.0%,0.55x,12.6,0.26,⏸️ WAIT
5019.T,1660.0,1751.6,1614.2,32.1%,59.1%,1.50x,87.1,0.1,⏸️ WAIT
9861.T,3803.0,3936.1,3736.4,32.1%,57.4%,1.10x,10.3,-0.01,⏸️ WAIT
8729.T,158.8,166.7,154.8,32.1%,57.0%,0.98x,90.2,0.15,⏸️ WAIT
5985.T,2199.0,2550.0,2023.5,32.0%,57.5%,1.17x,17.8,1.47,⏸️ WAIT
6326.T,2837.5,3035.9,2738.3,32.0%,56.7%,0.67x,150.0,0.82,⏸️ WAIT
9509.T,1132.0,1194.9,1100.5,32.0%,57.6%,0.72x,24.3,0.67,⏸️ WAIT
2768.T,5864.0,6150.9,5720.6,32.0%,58.6%,0.98x,77.2,0.61,⏸️ WAIT
9501.T,575.1,622.7,551.3,32.0%,57.2%,0.96x,235.3,0.73,⏸️ WAIT
9502.T,3065.0,3231.9,2981.5,32.0%,58.7%,0.86x,73.5,0.68,⏸️ WAIT
4205.T,2347.5,2479.0,2281.8,31.9%,56.8%,0.88x,20.7,0.79,⏸️ WAIT
4667.T,3625.0,4480.7,3197.1,31.9%,56.8%,1.19x,66.0,-1.17,⏸️ WAIT
4183.T,2141.0,2279.9,2071.5,31.9%,57.3%,1.19x,55.8,0.74,⏸️ WAIT
9506.T,1395.5,1463.8,1361.4,31.9%,58.2%,0.96x,58.9,0.31,⏸️ WAIT
4440.T,2070.0,2601.4,1804.3,31.9%,56.9%,1.38x,95.3,-2.34,⏸️ WAIT
9508.T,2201.5,2342.0,2131.2,31.8%,58.0%,0.97x,43.9,0.44,⏸️ WAIT
8591.T,6021.0,6315.7,5873.6,31.7%,55.8%,0.93x,231.3,0.46,⏸️ WAIT
9507.T,2193.0,2323.5,2127.8,31.7%,58.6%,1.09x,25.4,0.56,⏸️ WAIT
9503.T,2999.0,3178.7,2909.1,31.7%,57.8%,1.05x,137.3,0.61,⏸️ WAIT
9504.T,1086.5,1143.0,1058.3,31.7%,58.8%,0.69x,23.5,0.37,⏸️ WAIT
9142.T,3550.0,3658.7,3495.6,31.6%,56.6%,1.25x,25.0,-0.03,⏸️ WAIT
4188.T,1172.5,1250.4,1133.5,31.6%,56.4%,1.02x,65.2,0.37,⏸️ WAIT
6730.T,1118.0,1260.6,1046.7,31.5%,56.9%,0.07x,33.8,0.63,⏸️ WAIT
5726.T,2665.0,2913.4,2540.8,31.4%,59.1%,1.89x,15.9,1.15,⏸️ WAIT
4506.T,1545.0,1669.7,1482.6,31.3%,57.1%,0.95x,72.4,0.16,⏸️ WAIT
5401.T,675.9,709.8,658.9,31.2%,57.7%,0.71x,327.7,-0.01,⏸️ WAIT
4005.T,573.8,618.2,551.6,31.1%,57.3%,0.70x,84.6,0.28,⏸️ WAIT
2593.T,3135.0,3311.4,3046.8,30.8%,58.6%,0.71x,15.7,-0.96,⏸️ WAIT
