ticker,price,target_price,stop_price,prob_win,prob_stop,ev_score,size_factor
4901.T,3369.0,3239.9,3433.6,0.3149336278438568,0.31602078676223755,0.3140000104904175,1.0
6988.T,3513.0,3314.4,3612.3,0.31651514768600464,0.3208705484867096,0.31200000643730164,1.0
5101.T,6974.0,6538.4,7191.8,0.3061939477920532,0.3017798960208893,0.3109999895095825,1.0
3407.T,1606.5,1541.9,1638.8,0.31131017208099365,0.311919629573822,0.3109999895095825,1.0
5110.T,2031.5,1921.4,2086.5,0.30369696021080017,0.29595324397087097,0.3109999895095825,1.0
3405.T,1804.0,1724.0,1844.0,0.31246763467788696,0.3150961995124817,0.3100000023841858,1.0
3436.T,3115.0,2740.6,3302.2,0.31158649921417236,0.3140687942504883,0.3089999854564667,1.0
4911.T,3530.0,3309.7,3640.1,0.31600457429885864,0.3229879140853882,0.3089999854564667,1.0
7956.T,2027.5,1934.6,2074.0,0.30869555473327637,0.30834949016571045,0.3089999854564667,1.0
4151.T,2261.5,2116.5,2334.0,0.3101847469806671,0.31258225440979004,0.30799999833106995,1.0
7011.T,3929.0,3674.1,4056.4,0.30681124329566956,0.30644798278808594,0.3070000112056732,1.0
4452.T,3485.0,3364.3,3545.4,0.31063929200172424,0.31423336267471313,0.3070000112056732,1.0
543A.T,286.0,271.1,293.4,0.3075692653656006,0.30860260128974915,0.3070000112056732,1.0
4631.T,4813.0,4518.6,4960.2,0.310718297958374,0.3149697482585907,0.3059999942779541,1.0
6834.T,6040.0,5162.1,6478.9,0.30982738733291626,0.31389176845550537,0.3059999942779541,1.0
8050.T,10200.0,8941.4,10829.3,0.3040136992931366,0.30193838477134705,0.3059999942779541,1.0
4022.T,1869.0,1697.1,1954.9,0.31224238872528076,0.31916072964668274,0.3050000071525574,1.0
4004.T,14860.0,12987.1,15796.4,0.31473687291145325,0.324205219745636,0.3050000071525574,1.0
5985.T,2416.0,2121.3,2563.4,0.3149614930152893,0.3258909583091736,0.30399999022483826,1.0
4519.T,6650.0,6383.0,6783.5,0.3083406686782837,0.3122827112674713,0.30399999022483826,1.0
4461.T,13910.0,12285.7,14722.1,0.31442487239837646,0.3249991834163666,0.30399999022483826,1.0
7211.T,367.5,343.1,379.7,0.3088701069355011,0.3135523200035095,0.30399999022483826,1.0
4612.T,1164.0,1108.0,1192.0,0.3100753426551819,0.31599244475364685,0.30399999022483826,1.0
7936.T,4110.0,3831.7,4249.1,0.30496007204055786,0.3064420223236084,0.30300000309944153,1.0
7309.T,17960.0,17152.9,18363.6,0.3046284317970276,0.30661290884017944,0.30300000309944153,1.0
4369.T,3005.0,2772.3,3121.4,0.3107255697250366,0.31860798597335815,0.30300000309944153,1.0
6103.T,4560.0,4262.9,4708.6,0.3053685128688812,0.30751484632492065,0.30300000309944153,1.0
7012.T,2400.0,2228.0,2486.0,0.3053959310054779,0.30828040838241577,0.30300000309944153,1.0
6227.T,6610.0,5718.6,7055.7,0.31109732389450073,0.3203444480895996,0.3019999861717224,1.0
7912.T,2974.0,2840.8,3040.6,0.3046305775642395,0.30744412541389465,0.3019999861717224,1.0
2503.T,2821.0,2710.2,2876.4,0.3031950294971466,0.3040131628513336,0.3019999861717224,1.0
4088.T,2964.0,2724.0,3084.0,0.3132331967353821,0.3249298930168152,0.3019999861717224,1.0
7220.T,2930.0,2657.1,3066.4,0.30527597665786743,0.3095397353172302,0.3009999990463257,1.0
6481.T,6235.0,5749.1,6477.9,0.3066868782043457,0.3125448524951935,0.3009999990463257,1.0
6480.T,1834.0,1682.0,1910.0,0.3098996877670288,0.3189678490161896,0.3009999990463257,1.0
5108.T,3801.0,3645.0,3879.0,0.29719406366348267,0.2928917706012726,0.3009999990463257,1.0
4186.T,8290.0,7627.3,8621.4,0.3094812035560608,0.317614883184433,0.3009999990463257,1.0
4091.T,5570.0,5301.9,5704.1,0.3079630732536316,0.31527262926101685,0.3009999990463257,1.0
4523.T,4902.0,4718.1,4993.9,0.31056174635887146,0.31984925270080566,0.3009999990463257,1.0
7911.T,4921.0,4586.3,5088.4,0.30407533049583435,0.30752700567245483,0.3009999990463257,1.0
2802.T,4998.0,4743.7,5125.1,0.30246156454086304,0.30396777391433716,0.3009999990463257,1.0
7731.T,1858.5,1741.9,1916.8,0.29720455408096313,0.294275164604187,0.30000001192092896,1.0
6134.T,7399.0,6831.6,7682.7,0.30761104822158813,0.3149762749671936,0.30000001192092896,1.0
7741.T,23140.0,22102.9,23658.6,0.29650890827178955,0.2927778363227844,0.30000001192092896,1.0
7267.T,1733.0,1647.7,1775.6,0.30753663182258606,0.3147466778755188,0.30000001192092896,1.0
7272.T,1825.0,1711.5,1881.8,0.3070283830165863,0.3142693042755127,0.30000001192092896,1.0
7747.T,3338.0,3115.0,3449.5,0.29730460047721863,0.295527845621109,0.29899999499320984,1.0
5991.T,3430.0,3248.6,3520.7,0.3054957985877991,0.3123120665550232,0.29899999499320984,1.0
4047.T,2400.0,2191.7,2504.1,0.3104671835899353,0.32146015763282776,0.29899999499320984,1.0
9412.T,2067.0,1935.6,2132.7,0.30273789167404175,0.30613595247268677,0.29899999499320984,1.0
4971.T,6720.0,6168.6,6995.7,0.30992594361305237,0.32135066390037537,0.29899999499320984,1.0
4966.T,20110.0,18611.4,20859.3,0.3089938759803772,0.31923869252204895,0.29899999499320984,1.0
6323.T,3706.0,3364.6,3876.7,0.30824780464172363,0.31739479303359985,0.29899999499320984,1.0
7966.T,5710.0,5331.4,5899.3,0.3059324324131012,0.312395840883255,0.29899999499320984,1.0
7951.T,1247.5,1189.3,1276.6,0.30191606283187866,0.3043949007987976,0.29899999499320984,1.0
6113.T,2486.0,2320.3,2568.9,0.30594348907470703,0.31380265951156616,0.2980000078678131,1.0
6902.T,1911.5,1847.9,1943.3,0.3019633889198303,0.30612125992774963,0.2980000078678131,1.0
7173.T,1702.0,1613.9,1746.1,0.3014833331108093,0.3047439455986023,0.2980000078678131,1.0
6361.T,4510.0,4171.0,4679.5,0.30656754970550537,0.3150947093963623,0.2980000078678131,1.0
4927.T,1383.0,1340.6,1404.2,0.3102025091648102,0.3226777911186218,0.2980000078678131,1.0
4042.T,2647.5,2547.9,2697.3,0.3072032332420349,0.3166646361351013,0.2980000078678131,1.0
2501.T,1803.0,1721.7,1843.6,0.29941025376319885,0.3014194369316101,0.296999990940094,1.0
4922.T,5701.0,5457.4,5822.8,0.3109835386276245,0.32459092140197754,0.296999990940094,1.0
4536.T,1736.0,1655.0,1776.5,0.30533432960510254,0.3132854700088501,0.296999990940094,1.0
5726.T,2408.0,2219.4,2502.3,0.30363112688064575,0.3097928464412689,0.296999990940094,1.0
4385.T,3554.0,3209.1,3726.4,0.3040098547935486,0.3109525740146637,0.296999990940094,1.0
6141.T,2896.0,2733.6,2977.2,0.3022916913032532,0.30743280053138733,0.296999990940094,1.0
7282.T,5255.0,4984.3,5390.4,0.3051101267337799,0.3130418658256531,0.296999990940094,1.0
7974.T,8196.0,7650.0,8469.0,0.30204328894615173,0.30769142508506775,0.29600000381469727,1.0
6368.T,12675.0,11800.0,13112.5,0.30568450689315796,0.31519028544425964,0.29600000381469727,1.0
3099.T,3331.0,3157.6,3417.7,0.31259554624557495,0.3289742171764374,0.29600000381469727,1.0
6136.T,3540.0,3339.0,3640.5,0.30340003967285156,0.3110876679420471,0.29600000381469727,1.0
4368.T,3035.0,2839.1,3132.9,0.3093383014202118,0.32234320044517517,0.29600000381469727,1.0
4980.T,3057.0,2857.9,3156.5,0.30847659707069397,0.32113564014434814,0.29600000381469727,1.0
5706.T,23025.0,20117.1,24478.9,0.30319157242774963,0.31093236804008484,0.29499998688697815,1.0
7721.T,7320.0,6651.4,7654.3,0.3000003397464752,0.3053552210330963,0.29499998688697815,1.0
6268.T,4759.0,4413.6,4931.7,0.3051711618900299,0.3155001103878021,0.29499998688697815,1.0
4043.T,4238.0,3980.1,4366.9,0.3074319362640381,0.32038241624832153,0.2939999997615814,1.0
3778.T,3830.0,3467.1,4011.4,0.3050606846809387,0.31639522314071655,0.2939999997615814,1.0
4528.T,2407.5,2316.7,2452.9,0.30733466148376465,0.3205319344997406,0.2939999997615814,1.0
4061.T,3360.0,3153.9,3463.1,0.3050538897514343,0.316468745470047,0.2939999997615814,1.0
2222.T,2634.5,2482.0,2710.8,0.30039551854133606,0.3071443438529968,0.2939999997615814,1.0
7649.T,1261.5,1195.3,1294.6,0.3129351735115051,0.33229413628578186,0.2939999997615814,1.0
7762.T,2377.0,2168.9,2481.1,0.2962264120578766,0.2984716594219208,0.2939999997615814,1.0
4202.T,1443.5,1389.4,1470.6,0.3076229691505432,0.32141435146331787,0.2939999997615814,1.0
5714.T,8964.0,8297.3,9297.4,0.3019718527793884,0.3101033568382263,0.2939999997615814,1.0
4063.T,5903.0,5692.9,6008.1,0.30421337485313416,0.31398212909698486,0.2939999997615814,1.0
6383.T,5521.0,5222.0,5670.5,0.29922905564308167,0.3057495951652527,0.2930000126361847,1.0
3086.T,2676.5,2527.0,2751.2,0.311178058385849,0.32900986075401306,0.2930000126361847,1.0
7202.T,2199.0,2102.0,2247.5,0.30190014839172363,0.3103991150856018,0.2930000126361847,1.0
6278.T,14250.0,12831.4,14959.3,0.30621010065078735,0.31928250193595886,0.2930000126361847,1.0
6370.T,7674.0,7287.9,7867.1,0.302298367023468,0.3114098906517029,0.2930000126361847,1.0
7261.T,1156.0,1094.4,1186.8,0.30354398488998413,0.3145074248313904,0.2930000126361847,1.0
5929.T,3480.0,3347.7,3546.1,0.3012503981590271,0.3098623752593994,0.2930000126361847,1.0
6471.T,1098.5,1042.7,1126.4,0.30219072103500366,0.3112186789512634,0.2930000126361847,1.0
4021.T,8291.0,7889.7,8491.6,0.3091268837451935,0.32615742087364197,0.2919999957084656,1.0
7729.T,17290.0,15927.9,17971.1,0.2959595322608948,0.29982468485832214,0.2919999957084656,1.0
7832.T,5479.0,5122.4,5657.3,0.3008982539176941,0.31004589796066284,0.2919999957084656,1.0
6376.T,3485.0,3206.4,3624.3,0.2967814803123474,0.3017849326133728,0.2919999957084656,1.0
8918.T,10.0,8.0,11.0,0.3085208237171173,0.3252946734428406,0.2919999957084656,1.0
4401.T,4622.0,4392.3,4736.9,0.30732208490371704,0.3239230513572693,0.29100000858306885,1.0
4403.T,2583.5,2489.4,2630.6,0.3063200116157532,0.3212353587150574,0.29100000858306885,1.0
7988.T,4938.0,4749.3,5032.4,0.30519211292266846,0.3191237151622772,0.29100000858306885,1.0
4118.T,6080.0,5843.7,6198.1,0.30696946382522583,0.32298702001571655,0.29100000858306885,1.0
3116.T,2248.0,2157.3,2293.4,0.3011411428451538,0.31265634298324585,0.28999999165534973,1.0
6302.T,5921.0,5476.6,6143.2,0.305863618850708,0.3218478262424469,0.28999999165534973,1.0
6254.T,3375.0,3118.6,3503.2,0.30403855443000793,0.3181641697883606,0.28999999165534973,1.0
6407.T,5200.0,4713.6,5443.2,0.30444860458374023,0.318411648273468,0.28999999165534973,1.0
4182.T,3840.0,3600.1,3959.9,0.3059751093387604,0.32230958342552185,0.28999999165534973,1.0
4204.T,2517.0,2432.0,2559.5,0.30598920583724976,0.321965754032135,0.28999999165534973,1.0
2264.T,1129.5,1071.4,1158.5,0.29905861616134644,0.3079470992088318,0.28999999165534973,1.0
4503.T,2359.0,2267.2,2404.9,0.3053702712059021,0.32060736417770386,0.28999999165534973,1.0
5857.T,3670.0,3412.9,3798.6,0.3022172749042511,0.314069926738739,0.28999999165534973,1.0
9766.T,21390.0,20081.4,22044.3,0.30214565992355347,0.3154374063014984,0.289000004529953,1.0
9983.T,67920.0,64768.6,69495.7,0.30768030881881714,0.32641759514808655,0.289000004529953,1.0
8309.T,1760.0,1680.0,1800.0,0.2979082465171814,0.306826114654541,0.289000004529953,1.0
6269.T,9133.0,8441.9,9478.6,0.29878345131874084,0.30882781744003296,0.289000004529953,1.0
6258.T,3795.0,3505.0,3940.0,0.3056921362876892,0.32191938161849976,0.289000004529953,1.0
6273.T,68510.0,64131.4,70699.3,0.3015643060207367,0.31378692388534546,0.289000004529953,1.0
6952.T,2183.0,2015.3,2266.9,0.30267393589019775,0.3164827227592468,0.289000004529953,1.0
5713.T,9538.0,8555.7,10029.1,0.2998359799385071,0.31022173166275024,0.289000004529953,1.0
4005.T,588.2,545.6,609.5,0.30769580602645874,0.32670506834983826,0.289000004529953,1.0
6146.T,53320.0,48965.7,55497.1,0.30310678482055664,0.3173002600669861,0.289000004529953,1.0
4578.T,11040.0,10446.4,11336.8,0.3037797212600708,0.3185919523239136,0.289000004529953,1.0
4543.T,2274.5,2162.4,2330.5,0.29126954078674316,0.29446882009506226,0.2879999876022339,1.0
5803.T,4911.0,4400.7,5166.1,0.3011254668235779,0.31392061710357666,0.2879999876022339,1.0
5334.T,7417.0,6903.3,7673.9,0.30398422479629517,0.31986555457115173,0.2879999876022339,1.0
7003.T,4363.0,4002.9,4543.1,0.30065733194351196,0.31362301111221313,0.2879999876022339,1.0
6101.T,5150.0,4706.4,5371.8,0.3023165166378021,0.31628087162971497,0.2879999876022339,1.0
9104.T,7104.0,6646.6,7332.7,0.3032143712043762,0.31828606128692627,0.2879999876022339,1.0
2282.T,6039.0,5779.1,6168.9,0.29683002829551697,0.30565282702445984,0.2879999876022339,1.0
5741.T,2219.0,2091.0,2283.0,0.300065279006958,0.31197500228881836,0.2879999876022339,1.0
7201.T,303.5,286.6,311.9,0.30071383714675903,0.31403759121894836,0.28700000047683716,1.0
4912.T,1718.0,1650.7,1751.6,0.30657753348350525,0.32596248388290405,0.28700000047683716,1.0
4502.T,5885.0,5654.3,6000.4,0.3036278784275055,0.31977713108062744,0.28700000047683716,1.0
3769.T,8728.0,8228.0,8978.0,0.30303454399108887,0.3194366693496704,0.28700000047683716,1.0
268A.T,1631.0,1467.7,1712.6,0.2940562963485718,0.30122122168540955,0.28700000047683716,1.0
2587.T,4492.0,4349.4,4563.3,0.2979587912559509,0.30927178263664246,0.28700000047683716,1.0
3697.T,885.1,808.4,923.4,0.30298924446105957,0.31915736198425293,0.28700000047683716,1.0
4516.T,3506.0,3413.7,3552.1,0.304340660572052,0.3213261663913727,0.28700000047683716,1.0
3046.T,5900.0,5551.4,6074.3,0.3079227805137634,0.328767329454422,0.28700000047683716,1.0
4205.T,2420.5,2302.1,2479.7,0.30534833669662476,0.3234531283378601,0.28700000047683716,1.0
4099.T,2256.0,2073.6,2347.2,0.3063923716545105,0.32610365748405457,0.28700000047683716,1.0
9401.T,5788.0,5569.3,5897.4,0.30035725235939026,0.31323176622390747,0.28700000047683716,1.0
7259.T,2229.0,2124.6,2281.2,0.2991347908973694,0.3122237026691437,0.28600001335144043,1.0
3498.T,7480.0,7001.4,7719.3,0.30407169461250305,0.32243460416793823,0.28600001335144043,1.0
6016.T,12010.0,10785.7,12622.1,0.3067982792854309,0.3274923264980316,0.28600001335144043,1.0
5805.T,13410.0,12074.3,14077.9,0.3012133240699768,0.31663280725479126,0.28600001335144043,1.0
2579.T,3779.0,3621.9,3857.6,0.29711708426475525,0.3077424168586731,0.28600001335144043,1.0
8086.T,1441.0,1389.1,1467.0,0.2915704548358917,0.29724743962287903,0.28600001335144043,1.0
6465.T,5350.0,5153.1,5448.4,0.2975810468196869,0.309465616941452,0.28600001335144043,1.0
4114.T,2580.5,2476.9,2632.3,0.3054181635379791,0.3244158625602722,0.28600001335144043,1.0
3288.T,7644.0,7301.4,7815.3,0.29947444796562195,0.3129185438156128,0.28600001335144043,1.0
5711.T,5158.0,4702.6,5385.7,0.2997529208660126,0.3132740259170532,0.28600001335144043,1.0
3186.T,2915.0,2707.4,3018.8,0.3082691729068756,0.3304637372493744,0.28600001335144043,1.0
3445.T,5990.0,5415.0,6277.5,0.3040435314178467,0.3222654461860657,0.28600001335144043,1.0
4373.T,1154.0,1080.9,1190.6,0.3019546568393707,0.3179236352443695,0.28600001335144043,1.0
6857.T,33060.0,29805.0,34687.5,0.2979404330253601,0.310330331325531,0.28600001335144043,1.0
4967.T,5885.0,5684.3,5985.4,0.3057436943054199,0.326221764087677,0.2849999964237213,1.0
1959.T,8124.0,7792.6,8289.7,0.2964169383049011,0.30805736780166626,0.2849999964237213,1.0
5631.T,7459.0,6825.0,7776.0,0.2989504933357239,0.3126225769519806,0.2849999964237213,1.0
4272.T,2131.5,2047.6,2173.4,0.3044348359107971,0.32426580786705017,0.2849999964237213,1.0
5384.T,3410.0,3150.0,3540.0,0.3056078553199768,0.32614007592201233,0.2849999964237213,1.0
2502.T,1605.5,1553.7,1631.4,0.29597270488739014,0.3070968985557556,0.2849999964237213,1.0
9201.T,3084.0,2985.1,3133.4,0.3074127733707428,0.33027705550193787,0.2849999964237213,1.0
8113.T,952.9,919.0,969.8,0.3043109178543091,0.323665976524353,0.2849999964237213,1.0
9435.T,38950.0,37477.1,39686.4,0.3010569214820862,0.3183397054672241,0.2840000092983246,1.0
7701.T,3962.0,3799.9,4043.1,0.2888008654117584,0.29313820600509644,0.2840000092983246,1.0
9449.T,3924.0,3715.3,4028.4,0.3005388677120209,0.31754252314567566,0.2840000092983246,1.0
9202.T,3012.0,2922.8,3056.6,0.30703791975975037,0.32981786131858826,0.2840000092983246,1.0
6473.T,2095.5,1961.2,2162.6,0.30077725648880005,0.31787726283073425,0.2840000092983246,1.0
6590.T,3825.0,3442.1,4016.4,0.2971591353416443,0.3102452754974365,0.2840000092983246,1.0
8012.T,1178.0,1129.6,1202.2,0.2992843687534332,0.31466230750083923,0.2840000092983246,1.0
5802.T,2200.5,2015.8,2292.9,0.30088678002357483,0.31750252842903137,0.2840000092983246,1.0
9616.T,3233.0,3093.4,3302.8,0.30029407143592834,0.3173947334289551,0.28299999237060547,1.0
7240.T,3003.0,2864.4,3072.3,0.298931360244751,0.3152490258216858,0.28299999237060547,1.0
5333.T,5366.0,5000.0,5549.0,0.30472224950790405,0.3264558017253876,0.28299999237060547,1.0
7867.T,4052.0,3831.6,4162.2,0.30048686265945435,0.3181857466697693,0.28299999237060547,1.0
3103.T,1470.0,1278.9,1565.6,0.30154603719711304,0.3202725648880005,0.28299999237060547,1.0
3291.T,2252.0,2175.8,2290.1,0.3005797863006592,0.31897440552711487,0.28200000524520874,1.0
7278.T,6000.0,5801.4,6099.3,0.2986477017402649,0.31506437063217163,0.28200000524520874,1.0
7270.T,2628.0,2513.9,2685.1,0.2986258864402771,0.3155338764190674,0.28200000524520874,1.0
2327.T,3877.0,3652.4,3989.3,0.30152207612991333,0.32066962122917175,0.28200000524520874,1.0
9107.T,3406.0,3197.6,3510.2,0.3009968101978302,0.32045498490333557,0.28200000524520874,1.0
4613.T,2851.0,2756.6,2898.2,0.30259913206100464,0.3233858346939087,0.28200000524520874,1.0
4188.T,1172.0,1092.7,1211.6,0.3029319941997528,0.3234815001487732,0.28200000524520874,1.0
4704.T,6588.0,6135.7,6814.1,0.30586758255958557,0.32928913831710815,0.28200000524520874,1.0
6315.T,2175.0,1996.7,2264.1,0.3002522587776184,0.318266898393631,0.28200000524520874,1.0
8056.T,4793.0,4576.6,4901.2,0.30114859342575073,0.32015520334243774,0.28200000524520874,1.0
6507.T,12710.0,11678.6,13225.7,0.3000085651874542,0.3182363510131836,0.28200000524520874,1.0
1944.T,7011.0,6669.1,7181.9,0.2948668599128723,0.30917486548423767,0.2809999883174896,1.0
1801.T,12655.0,11887.9,13038.6,0.2959931492805481,0.3108850121498108,0.2809999883174896,1.0
8802.T,3635.0,3459.9,3722.6,0.29735299944877625,0.3136832118034363,0.2809999883174896,1.0
7269.T,1991.0,1879.8,2046.6,0.29622238874435425,0.3118974566459656,0.2809999883174896,1.0
7203.T,2969.0,2843.4,3031.8,0.29892390966415405,0.31697648763656616,0.2809999883174896,1.0
2897.T,2910.0,2788.6,2970.7,0.29520735144615173,0.3097286820411682,0.2809999883174896,1.0
7733.T,1995.0,1904.7,2040.1,0.292228102684021,0.3032670319080353,0.2809999883174896,1.0
4507.T,2917.5,2794.7,2978.9,0.30184921622276306,0.3230699896812439,0.2809999883174896,1.0
4443.T,2097.0,1914.0,2188.5,0.3018815219402313,0.323068767786026,0.2809999883174896,1.0
429A.T,3835.0,3497.1,4003.9,0.2970602810382843,0.3134080767631531,0.2809999883174896,1.0
7735.T,13300.0,12155.7,13872.1,0.2962613105773926,0.31122568249702454,0.2809999883174896,1.0
8804.T,3293.0,3153.1,3362.9,0.29959121346473694,0.3186803162097931,0.2809999883174896,1.0
6472.T,387.0,365.6,397.7,0.29828232526779175,0.31527626514434814,0.2809999883174896,1.0
8830.T,3215.0,3058.0,3293.5,0.2961248755455017,0.31159335374832153,0.2809999883174896,1.0
8233.T,2120.5,2013.3,2174.1,0.3051784634590149,0.32915276288986206,0.2809999883174896,1.0
5201.T,5688.0,5428.4,5817.8,0.2996971309185028,0.3187939524650574,0.2809999883174896,1.0
6963.T,4742.0,4265.4,4980.3,0.29471728205680847,0.30857181549072266,0.2809999883174896,1.0
6508.T,11060.0,10137.1,11521.4,0.29777640104293823,0.31420350074768066,0.2809999883174896,1.0
6387.T,7960.0,6977.1,8451.4,0.30329471826553345,0.32558029890060425,0.2809999883174896,1.0
3563.T,4894.0,4438.4,5121.8,0.30520063638687134,0.329191118478775,0.2809999883174896,1.0
1942.T,5622.0,5316.6,5774.7,0.2952979803085327,0.3101006746292114,0.2800000011920929,1.0
6324.T,6350.0,5755.7,6647.1,0.30188488960266113,0.3234691321849823,0.2800000011920929,1.0
9759.T,2925.0,2805.4,2984.8,0.3009048104286194,0.3218754827976227,0.2800000011920929,1.0
1803.T,2350.5,2201.3,2425.1,0.29446497559547424,0.30887115001678467,0.2800000011920929,1.0
9065.T,8182.0,7870.7,8337.6,0.298514187335968,0.3173850476741791,0.2800000011920929,1.0
5801.T,3807.0,3331.3,4044.9,0.30013030767440796,0.32059818506240845,0.2800000011920929,1.0
3626.T,4005.0,3784.4,4115.3,0.3012141287326813,0.3226463198661804,0.2800000011920929,1.0
285A.T,54580.0,47642.9,58048.6,0.2965466380119324,0.3134717643260956,0.2800000011920929,1.0
5332.T,5859.0,5569.0,6004.0,0.30004534125328064,0.319699227809906,0.2800000011920929,1.0
5344.T,55790.0,50841.4,58264.3,0.30415719747543335,0.3280625641345978,0.2800000011920929,1.0
6814.T,7590.0,7007.1,7881.4,0.29720547795295715,0.31486740708351135,0.2800000011920929,1.0
6976.T,8935.0,7729.3,9537.9,0.29783540964126587,0.3170541524887085,0.27900001406669617,1.0
3003.T,1727.0,1669.8,1755.6,0.2977510392665863,0.3165613114833832,0.27900001406669617,1.0
6503.T,5274.0,4960.0,5431.0,0.2953188419342041,0.31124478578567505,0.27900001406669617,1.0
2875.T,9722.0,9327.1,9919.4,0.29395872354507446,0.30868056416511536,0.27900001406669617,1.0
3774.T,3443.0,3272.9,3528.1,0.3013271689414978,0.32321876287460327,0.27900001406669617,1.0
6586.T,5344.0,5134.3,5448.9,0.29607170820236206,0.3131144046783447,0.27900001406669617,1.0
6055.T,2325.0,2119.9,2427.6,0.299430787563324,0.3197365403175354,0.27900001406669617,1.0
1332.T,1156.5,1105.6,1181.9,0.2931223511695862,0.30836373567581177,0.27799999713897705,1.0
4680.T,1182.5,1069.1,1239.2,0.2932840585708618,0.30848556756973267,0.27799999713897705,1.0
4887.T,1667.5,1608.6,1696.9,0.29960763454437256,0.3216491639614105,0.27799999713897705,1.0
1861.T,1319.0,1274.9,1341.1,0.292737752199173,0.30725738406181335,0.27799999713897705,1.0
1812.T,4982.0,4706.6,5119.7,0.29365938901901245,0.30907174944877625,0.27799999713897705,1.0
6504.T,13370.0,12498.6,13805.7,0.295126348733902,0.3126181662082672,0.27799999713897705,1.0
2433.T,1309.5,1230.1,1349.2,0.29749929904937744,0.316967248916626,0.27799999713897705,1.0
3659.T,3148.0,2990.1,3226.9,0.2985755205154419,0.31960275769233704,0.27799999713897705,1.0
3923.T,1073.0,988.6,1115.2,0.2990439236164093,0.3205838203430176,0.27799999713897705,1.0
5947.T,3438.0,3308.3,3502.9,0.2949880063533783,0.31167006492614746,0.27799999713897705,1.0
9101.T,7255.0,6830.0,7467.5,0.29963189363479614,0.3216562867164612,0.27799999713897705,1.0
6925.T,4053.0,3767.0,4196.0,0.2957080602645874,0.31361502408981323,0.27799999713897705,1.0
7014.T,4905.0,4405.7,5154.6,0.302002489566803,0.32612577080726624,0.27799999713897705,1.0
3289.T,1278.0,1231.6,1301.2,0.2976432740688324,0.3174496591091156,0.27799999713897705,1.0
4755.T,691.8,656.8,709.3,0.29478174448013306,0.3118113875389099,0.27799999713897705,1.0
6871.T,13760.0,12081.4,14599.3,0.2978226840496063,0.3175318241119385,0.27799999713897705,1.0
4812.T,2861.0,2849.4,2866.8,0.3058401048183441,0.334279865026474,0.2770000100135803,1.0
4676.T,4076.0,3913.9,4157.1,0.2999670207500458,0.3225736618041992,0.2770000100135803,1.0
9468.T,3656.0,3502.6,3732.7,0.3001270890235901,0.3228437900543213,0.2770000100135803,1.0
6941.T,8460.0,7670.0,8855.0,0.29571533203125,0.3143351972103119,0.2770000100135803,1.0
6869.T,1854.0,1759.9,1901.1,0.2976459860801697,0.3178829550743103,0.2770000100135803,1.0
6841.T,4693.0,4423.7,4827.6,0.2935428321361542,0.30996543169021606,0.2770000100135803,1.0
5411.T,1846.5,1761.4,1889.0,0.2952064871788025,0.31390219926834106,0.2770000100135803,1.0
4733.T,8205.0,7806.9,8404.1,0.3001748323440552,0.32326266169548035,0.2770000100135803,1.0
4183.T,2150.0,2013.1,2218.4,0.3018680214881897,0.32684820890426636,0.2770000100135803,1.0
4194.T,8456.0,7831.9,8768.1,0.301177442073822,0.3249613642692566,0.2770000100135803,1.0
4062.T,22405.0,19390.7,23912.1,0.29503333568573,0.3128723204135895,0.2770000100135803,1.0
8282.T,1884.5,1811.4,1921.0,0.3010120093822479,0.3253284990787506,0.2770000100135803,1.0
6622.T,12840.0,11807.1,13356.4,0.29643043875694275,0.31597867608070374,0.2770000100135803,1.0
6645.T,6328.0,5925.6,6529.2,0.2945857048034668,0.31192412972450256,0.2770000100135803,1.0
3635.T,1690.5,1614.9,1728.3,0.30096253752708435,0.3244388997554779,0.2770000100135803,1.0
1969.T,4739.0,4516.9,4850.1,0.3002079725265503,0.3229852616786957,0.2770000100135803,1.0
2269.T,4293.0,4114.0,4382.5,0.29477614164352417,0.3125729560852051,0.2770000100135803,1.0
2593.T,3172.0,2978.9,3268.6,0.2947278618812561,0.31215807795524597,0.2770000100135803,1.0
1802.T,3062.0,2915.6,3135.2,0.29321998357772827,0.3098788857460022,0.2770000100135803,1.0
9697.T,4400.0,4107.7,4546.1,0.3011534810066223,0.3260018229484558,0.2759999930858612,1.0
6506.T,4507.0,4211.3,4654.9,0.2954593002796173,0.31480997800827026,0.2759999930858612,1.0
1928.T,3349.0,3243.9,3401.6,0.2918277680873871,0.3074951767921448,0.2759999930858612,1.0
5463.T,1718.0,1654.7,1749.6,0.29057663679122925,0.3053683042526245,0.2759999930858612,1.0
5938.T,1725.0,1687.7,1743.6,0.29437071084976196,0.3130241930484772,0.2759999930858612,1.0
2871.T,2203.5,2122.1,2244.2,0.29350969195365906,0.31060466170310974,0.2759999930858612,1.0
3402.T,1251.0,1191.2,1280.9,0.2981266379356384,0.32055598497390747,0.2759999930858612,1.0
6923.T,3574.0,3415.9,3653.1,0.29380345344543457,0.31173965334892273,0.2759999930858612,1.0
5016.T,3570.0,3232.3,3738.9,0.2950977385044098,0.3144341707229614,0.2759999930858612,1.0
6592.T,1721.5,1646.6,1759.0,0.2941279709339142,0.31263452768325806,0.2759999930858612,1.0
6305.T,5645.0,5315.9,5809.6,0.2986794412136078,0.3213076889514923,0.2759999930858612,1.0
6448.T,4668.0,4405.0,4799.5,0.294717013835907,0.3133034110069275,0.2759999930858612,1.0
6301.T,7209.0,6830.0,7398.5,0.29543596506118774,0.3150200843811035,0.2759999930858612,1.0
4784.T,528.0,488.9,547.6,0.29729148745536804,0.3180842399597168,0.2759999930858612,1.0
3231.T,906.0,881.2,918.4,0.29660695791244507,0.3176657557487488,0.2759999930858612,1.0
7013.T,2809.0,2559.4,2933.8,0.2973681092262268,0.3190096616744995,0.2759999930858612,1.0
4540.T,3833.0,3734.4,3882.3,0.29824957251548767,0.32097870111465454,0.2759999930858612,1.0
9501.T,525.4,479.6,548.3,0.295858234167099,0.3152579963207245,0.2759999930858612,1.0
8331.T,2732.0,2580.8,2807.6,0.2913895547389984,0.30815133452415466,0.2750000059604645,1.0
9404.T,2942.0,2814.7,3005.6,0.29975637793540955,0.3241904079914093,0.2750000059604645,1.0
8801.T,1501.0,1434.5,1534.2,0.29571932554244995,0.31662169098854065,0.2750000059604645,1.0
8388.T,10230.0,9555.7,10567.1,0.296997606754303,0.3194595277309418,0.2750000059604645,1.0
4527.T,2780.0,2645.6,2847.2,0.298114538192749,0.32098129391670227,0.2750000059604645,1.0
4208.T,3425.0,3289.7,3492.6,0.3010205030441284,0.32713454961776733,0.2750000059604645,1.0
6856.T,23530.0,22045.7,24272.1,0.2935654819011688,0.31163400411605835,0.2750000059604645,1.0
3350.T,288.0,244.9,309.6,0.296214759349823,0.31734925508499146,0.2750000059604645,1.0
1961.T,2518.0,2378.0,2588.0,0.29547566175460815,0.31587308645248413,0.2750000059604645,1.0
4716.T,9145.0,8689.4,9372.8,0.2987808585166931,0.3224930167198181,0.2750000059604645,1.0
4626.T,4744.0,4705.3,4763.4,0.2987601161003113,0.3228502869606018,0.2750000059604645,1.0
4568.T,2880.0,2740.9,2949.5,0.2992222309112549,0.3232407867908478,0.2750000059604645,1.0
5214.T,4858.0,4585.7,4994.1,0.2995874285697937,0.32381877303123474,0.2750000059604645,1.0
3907.T,2175.0,1704.9,2410.1,0.3045436441898346,0.3336839973926544,0.2750000059604645,1.0
6728.T,7431.0,6918.7,7687.1,0.2957279682159424,0.31791970133781433,0.27399998903274536,1.0
6544.T,1534.5,1464.3,1569.6,0.2948158383369446,0.3151477873325348,0.27399998903274536,1.0
4902.T,661.1,611.9,685.7,0.2970323860645294,0.31967929005622864,0.27399998903274536,1.0
8035.T,53920.0,49474.3,56142.9,0.2931916117668152,0.31283172965049744,0.27399998903274536,1.0
5406.T,2056.5,1982.6,2093.5,0.2917141914367676,0.3089812397956848,0.27399998903274536,1.0
5019.T,1650.5,1532.8,1709.4,0.30232352018356323,0.33020490407943726,0.27399998903274536,1.0
9433.T,3031.0,2922.9,3085.0,0.2995102107524872,0.3246764838695526,0.27399998903274536,1.0
2809.T,4461.0,4268.3,4557.4,0.2925274074077606,0.31075993180274963,0.27399998903274536,1.0
6861.T,77270.0,73214.3,79297.9,0.2910112142562866,0.3080345094203949,0.27399998903274536,1.0
4768.T,3642.0,3486.4,3719.8,0.2997932732105255,0.32601046562194824,0.27399998903274536,1.0
1808.T,2723.5,2613.4,2778.6,0.2914157807826996,0.30985021591186523,0.27300000190734863,1.0
1878.T,3295.0,3181.4,3351.8,0.29580312967300415,0.3181231915950775,0.27300000190734863,1.0
9143.T,1492.0,1442.5,1516.8,0.29765772819519043,0.32221609354019165,0.27300000190734863,1.0
6432.T,7300.0,6874.3,7512.9,0.2955509424209595,0.3183909058570862,0.27300000190734863,1.0
6961.T,10200.0,9177.1,10711.4,0.29333505034446716,0.3134559690952301,0.27300000190734863,1.0
5105.T,3834.0,3618.6,3941.7,0.2882338762283325,0.30345460772514343,0.27300000190734863,1.0
6965.T,2316.0,2174.6,2386.7,0.2927492558956146,0.3121146857738495,0.27300000190734863,1.0
6997.T,2795.0,2440.3,2972.4,0.2958357334136963,0.31827500462532043,0.27300000190734863,1.0
6806.T,24920.0,23716.4,25521.8,0.2905821204185486,0.30829137563705444,0.27300000190734863,1.0
8591.T,6050.0,5771.1,6189.4,0.298236221075058,0.3233639597892761,0.27300000190734863,1.0
7751.T,4564.0,4403.9,4644.1,0.29318442940711975,0.31306204199790955,0.27300000190734863,1.0
9147.T,5656.0,5386.9,5790.6,0.29826152324676514,0.3246424198150635,0.2720000147819519,1.0
5844.T,4740.0,4494.7,4862.6,0.2892095446586609,0.3066512942314148,0.2720000147819519,1.0
2121.T,3825.0,3613.6,3930.7,0.2991398274898529,0.32643407583236694,0.2720000147819519,1.0
8593.T,1365.5,1327.1,1384.7,0.29701119661331177,0.3224972188472748,0.2720000147819519,1.0
1515.T,3275.0,2813.6,3505.7,0.28946906328201294,0.30681902170181274,0.2720000147819519,1.0
5444.T,12485.0,11967.9,12743.6,0.29280561208724976,0.3131345808506012,0.2720000147819519,1.0
4933.T,2409.0,2171.1,2527.9,0.3032330870628357,0.33491453528404236,0.2720000147819519,1.0
2801.T,1648.5,1569.6,1687.9,0.29024738073349,0.30834460258483887,0.2720000147819519,1.0
6674.T,5480.0,5094.0,5673.0,0.29537996649742126,0.3186728358268738,0.2720000147819519,1.0
6367.T,20720.0,19977.1,21091.4,0.29181042313575745,0.31179118156433105,0.2720000147819519,1.0
7752.T,1659.0,1577.2,1699.9,0.29366186261177063,0.31576067209243774,0.2720000147819519,1.0
5401.T,681.0,648.9,697.1,0.2924904525279999,0.31279057264328003,0.2720000147819519,1.0
7459.T,3122.0,2983.0,3191.5,0.29573991894721985,0.31935256719589233,0.2720000147819519,1.0
2962.T,2270.0,1938.6,2435.7,0.3003104329109192,0.32815831899642944,0.2720000147819519,1.0
7532.T,716.0,676.4,735.8,0.29759496450424194,0.32405534386634827,0.2709999978542328,1.0
6723.T,3490.0,3184.7,3642.6,0.29451221227645874,0.3180205821990967,0.2709999978542328,1.0
2670.T,2706.0,2600.6,2758.7,0.2979699671268463,0.32499417662620544,0.2709999978542328,1.0
2810.T,3990.0,3862.0,4054.0,0.29384174942970276,0.31696292757987976,0.2709999978542328,1.0
1980.T,2945.0,2770.0,3032.5,0.29660460352897644,0.32243674993515015,0.2709999978542328,1.0
2267.T,2803.0,2705.4,2851.8,0.29306596517562866,0.31478720903396606,0.2709999978542328,1.0
8253.T,4590.0,4401.4,4684.3,0.2979578375816345,0.3245886564254761,0.2709999978542328,1.0
4307.T,5034.0,4703.0,5199.5,0.2972634434700012,0.32366371154785156,0.2709999978542328,1.0
7616.T,2005.5,1944.6,2036.0,0.29889148473739624,0.3263731598854065,0.2709999978542328,1.0
6855.T,7490.0,6767.1,7851.4,0.29516035318374634,0.31884464621543884,0.2709999978542328,1.0
6526.T,2300.0,2107.1,2396.5,0.294262558221817,0.3172958195209503,0.2709999978542328,1.0
5021.T,4488.0,4210.1,4626.9,0.2976130545139313,0.3239580988883972,0.2709999978542328,1.0
7564.T,5220.0,4880.0,5390.0,0.29884499311447144,0.328001469373703,0.27000001072883606,1.0
9735.T,6352.0,6145.9,6455.1,0.29164525866508484,0.31369879841804504,0.27000001072883606,1.0
8345.T,2739.0,2535.1,2840.9,0.2949509620666504,0.3198556900024414,0.27000001072883606,1.0
8439.T,2669.5,2548.8,2729.9,0.29817742109298706,0.32588791847229004,0.27000001072883606,1.0
2002.T,2013.5,1933.9,2053.3,0.2905608117580414,0.311177134513855,0.27000001072883606,1.0
9003.T,2625.0,2551.3,2661.9,0.2970491647720337,0.32396382093429565,0.27000001072883606,1.0
9602.T,1580.0,1491.0,1624.5,0.2969134449958801,0.3234574794769287,0.27000001072883606,1.0
9684.T,2964.0,2800.5,3045.8,0.29808345437049866,0.3262571692466736,0.27000001072883606,1.0
6532.T,7671.0,7148.9,7932.1,0.2959175407886505,0.3222448229789734,0.27000001072883606,1.0
5901.T,4496.0,4339.9,4574.1,0.2944648861885071,0.3193845748901367,0.27000001072883606,1.0
4666.T,2008.5,1930.4,2047.6,0.29490751028060913,0.3200315535068512,0.27000001072883606,1.0
6525.T,9089.0,7947.6,9659.7,0.29224711656570435,0.3148682713508606,0.27000001072883606,1.0
6971.T,3650.0,3449.7,3750.1,0.29218974709510803,0.31450074911117554,0.27000001072883606,1.0
6703.T,2771.0,2544.9,2884.1,0.2923177182674408,0.314710795879364,0.27000001072883606,1.0
2432.T,2548.5,2425.1,2610.2,0.2964255213737488,0.3239448666572571,0.26899999380111694,1.0
2811.T,2702.5,2629.4,2739.1,0.290401428937912,0.3113819658756256,0.26899999380111694,1.0
9064.T,2002.0,1922.1,2041.9,0.29416441917419434,0.3194061815738678,0.26899999380111694,1.0
6594.T,2822.0,2573.7,2946.1,0.2939906120300293,0.3190562427043915,0.26899999380111694,1.0
2914.T,6872.0,6656.4,6979.8,0.2906860411167145,0.312164843082428,0.26899999380111694,1.0
4732.T,1876.0,1818.6,1904.7,0.29269343614578247,0.31662827730178833,0.26899999380111694,1.0
6754.T,3333.0,3106.9,3446.1,0.29082292318344116,0.3130437731742859,0.26899999380111694,1.0
3391.T,2165.5,2048.1,2224.2,0.29789382219314575,0.3267582654953003,0.26899999380111694,1.0
6762.T,2954.5,2720.3,3071.6,0.2906934916973114,0.3119909167289734,0.26899999380111694,1.0
3401.T,1705.0,1620.2,1747.4,0.29677677154541016,0.3243469297885895,0.26899999380111694,1.0
6501.T,5497.0,5219.4,5635.8,0.29122161865234375,0.31384220719337463,0.26899999380111694,1.0
6845.T,1464.5,1399.1,1497.2,0.28759172558784485,0.30740877985954285,0.2680000066757202,1.0
7276.T,2667.0,2557.1,2721.9,0.28969499468803406,0.31171637773513794,0.2680000066757202,1.0
5393.T,3410.0,3229.9,3500.1,0.29404041171073914,0.32005369663238525,0.2680000066757202,1.0
4816.T,3000.0,2830.4,3084.8,0.29892686009407043,0.32990381121635437,0.2680000066757202,1.0
3110.T,3010.0,2658.0,3186.0,0.30028995871543884,0.3329634368419647,0.2680000066757202,1.0
8343.T,9490.0,8685.7,9892.1,0.29323506355285645,0.3188595175743103,0.2680000066757202,1.0
8338.T,726.0,662.6,757.7,0.2910231649875641,0.3142628073692322,0.2680000066757202,1.0
8410.T,340.9,329.3,346.7,0.2910216450691223,0.31419166922569275,0.2680000066757202,1.0
4751.T,1246.0,1189.8,1274.1,0.29318371415138245,0.3187163472175598,0.2680000066757202,1.0
5830.T,3741.0,3511.6,3855.7,0.28792378306388855,0.30806663632392883,0.2680000066757202,1.0
1911.T,1215.0,1166.1,1239.4,0.28789883852005005,0.3081628680229187,0.2680000066757202,1.0
6981.T,7823.0,6982.1,8243.4,0.29170963168144226,0.3164580464363098,0.2669999897480011,1.0
8117.T,2178.0,2076.9,2228.6,0.2954389452934265,0.32349786162376404,0.2669999897480011,1.0
8387.T,4370.0,4013.6,4548.2,0.2953358292579651,0.3232143223285675,0.2669999897480011,1.0
8360.T,7300.0,6794.3,7552.9,0.2897014617919922,0.3128421902656555,0.2669999897480011,1.0
1963.T,2300.0,2147.1,2376.5,0.2878623306751251,0.30906549096107483,0.2669999897480011,1.0
2212.T,3571.0,3390.0,3661.5,0.2894664704799652,0.31235185265541077,0.2669999897480011,1.0
6632.T,1004.5,956.1,1028.7,0.2876865863800049,0.30870872735977173,0.2669999897480011,1.0
8630.T,6768.0,6475.1,6914.4,0.2920230031013489,0.3166285753250122,0.2669999897480011,1.0
2612.T,2850.0,2591.0,2979.5,0.29750925302505493,0.32765474915504456,0.2669999897480011,1.0
2531.T,2592.0,2407.6,2684.2,0.29318708181381226,0.31982338428497314,0.2669999897480011,1.0
3382.T,2000.0,1932.8,2033.6,0.2963990569114685,0.3262631297111511,0.2669999897480011,1.0
7337.T,2382.5,2277.1,2435.2,0.2910860478878021,0.3151159882545471,0.2669999897480011,1.0
7186.T,1856.5,1752.6,1908.4,0.28785812854766846,0.3085537254810333,0.2669999897480011,1.0
4413.T,2965.0,2958.1,2968.4,0.3000366687774658,0.33301717042922974,0.2669999897480011,1.0
6005.T,3201.0,3064.6,3269.2,0.29532402753829956,0.3237835764884949,0.2669999897480011,1.0
6752.T,4508.0,4138.6,4692.7,0.2905169129371643,0.31374409794807434,0.2669999897480011,1.0
6758.T,3663.0,3480.6,3754.2,0.29009756445884705,0.31352609395980835,0.2669999897480011,1.0
9434.T,246.3,237.5,250.7,0.29584601521492004,0.32550176978111267,0.26600000262260437,1.0
7380.T,2709.0,2537.0,2795.0,0.2926175892353058,0.31877806782722473,0.26600000262260437,1.0
4689.T,519.8,487.1,536.2,0.2961883246898651,0.3262636065483093,0.26600000262260437,1.0
9531.T,6167.0,5857.6,6321.7,0.291340708732605,0.3169039785861969,0.26600000262260437,1.0
1951.T,2605.0,2524.1,2645.4,0.2895047664642334,0.31306883692741394,0.26600000262260437,1.0
3941.T,1536.5,1476.3,1566.6,0.2924324870109558,0.3188132345676422,0.26600000262260437,1.0
6996.T,2632.0,2363.1,2766.4,0.2922733426094055,0.3182138502597809,0.26600000262260437,1.0
9031.T,3075.0,2961.0,3132.0,0.29581698775291443,0.3254610598087311,0.26600000262260437,1.0
8697.T,2274.0,2165.0,2328.5,0.2959034740924835,0.32551437616348267,0.26600000262260437,1.0
2607.T,4409.0,4201.7,4512.6,0.2885704040527344,0.31104201078414917,0.26600000262260437,1.0
4203.T,8030.0,7390.0,8350.0,0.29910069704055786,0.3322008550167084,0.26600000262260437,1.0
8795.T,4877.0,4645.1,4992.9,0.29216837882995605,0.318292498588562,0.26600000262260437,1.0
9706.T,5529.0,5298.6,5644.2,0.2937677502632141,0.32200750708580017,0.26600000262260437,1.0
2413.T,1730.5,1620.9,1785.3,0.2949656844139099,0.32348182797431946,0.26600000262260437,1.0
9502.T,2869.0,2670.7,2968.1,0.288609117269516,0.31169357895851135,0.26600000262260437,1.0
5471.T,2451.5,2276.0,2539.2,0.28836148977279663,0.31043103337287903,0.26600000262260437,1.0
6890.T,10300.0,9242.9,10828.6,0.29206204414367676,0.3183848559856415,0.26600000262260437,1.0
6966.T,901.0,819.3,941.9,0.2936297655105591,0.3212513327598572,0.26600000262260437,1.0
6701.T,4792.0,4455.9,4960.1,0.2904599905014038,0.3161551356315613,0.26499998569488525,1.0
8304.T,3403.0,3233.6,3487.7,0.29059797525405884,0.3166119158267975,0.26499998569488525,1.0
9005.T,1641.5,1594.6,1664.9,0.29289159178733826,0.3204110860824585,0.26499998569488525,1.0
8354.T,7659.0,7320.4,7828.3,0.28920990228652954,0.3138270676136017,0.26499998569488525,1.0
5831.T,3460.0,3282.1,3548.9,0.2879043221473694,0.31039848923683167,0.26499998569488525,1.0
6524.T,5310.0,4766.4,5581.8,0.29089024662971497,0.3163480758666992,0.26499998569488525,1.0
9962.T,3831.0,3578.4,3957.3,0.291888952255249,0.3189278244972229,0.26499998569488525,1.0
9513.T,4092.0,3892.7,4191.6,0.2912497818470001,0.3175390064716339,0.26499998569488525,1.0
4565.T,1267.0,1149.3,1325.9,0.29782453179359436,0.3303031027317047,0.26499998569488525,1.0
9532.T,5803.0,5483.4,5962.8,0.2919468283653259,0.3185617923736572,0.26499998569488525,1.0
6954.T,6021.0,5682.6,6190.2,0.2890109419822693,0.3134954571723938,0.26499998569488525,1.0
7182.T,3200.0,3025.6,3287.2,0.28858649730682373,0.31211861968040466,0.26499998569488525,1.0
5233.T,4186.0,3970.7,4293.6,0.2934141755104065,0.32227498292922974,0.26499998569488525,1.0
8088.T,2123.0,2018.1,2175.4,0.29121237993240356,0.31875523924827576,0.2639999985694885,1.0
8002.T,4878.0,4592.7,5020.6,0.29034149646759033,0.3167988359928131,0.2639999985694885,1.0
8876.T,2294.5,2191.0,2346.2,0.2920471727848053,0.3203512728214264,0.2639999985694885,1.0
8766.T,7932.0,7500.4,8147.8,0.29293566942214966,0.32159578800201416,0.2639999985694885,1.0
2492.T,709.0,653.7,736.6,0.2936340272426605,0.32326921820640564,0.2639999985694885,1.0
3994.T,5703.0,5101.3,6003.9,0.2929926812648773,0.3220803141593933,0.2639999985694885,1.0
8227.T,3195.0,3080.1,3252.4,0.29546183347702026,0.3264521062374115,0.2639999985694885,1.0
5832.T,3652.0,3464.6,3745.7,0.28948622941970825,0.31463679671287537,0.2639999985694885,1.0
9001.T,2947.0,2861.7,2989.6,0.2937706410884857,0.32392922043800354,0.2639999985694885,1.0
9044.T,3219.0,3108.1,3274.4,0.294670045375824,0.3255440890789032,0.2639999985694885,1.0
9076.T,2740.0,2650.0,2785.0,0.2958715558052063,0.3277582824230194,0.2639999985694885,1.0
4506.T,1589.5,1456.6,1656.0,0.2951783239841461,0.32644137740135193,0.2639999985694885,1.0
7180.T,1645.0,1557.3,1688.9,0.29172056913375854,0.31926220655441284,0.2639999985694885,1.0
6849.T,1608.0,1540.4,1641.8,0.2912185788154602,0.3186107277870178,0.2639999985694885,1.0
6777.T,21520.0,19325.7,22617.1,0.29272788763046265,0.3212379813194275,0.2639999985694885,1.0
8111.T,2164.0,2092.5,2199.8,0.29487186670303345,0.32530462741851807,0.2639999985694885,1.0
8308.T,2419.0,2269.2,2493.9,0.286601185798645,0.309004008769989,0.2639999985694885,1.0
8750.T,1870.5,1777.5,1917.0,0.29148343205451965,0.3194865882396698,0.2630000114440918,1.0
8418.T,3430.0,3248.4,3520.8,0.29129236936569214,0.3195289671421051,0.2630000114440918,1.0
8362.T,7770.0,6980.0,8165.0,0.29174360632896423,0.32084688544273376,0.2630000114440918,1.0
1925.T,4532.0,4384.9,4605.6,0.2874770760536194,0.31206434965133667,0.2630000114440918,1.0
5838.T,6098.0,5688.1,6302.9,0.2873067855834961,0.3117179870605469,0.2630000114440918,1.0
6920.T,39780.0,35652.9,41843.6,0.2930700480937958,0.3230973780155182,0.2630000114440918,1.0
7167.T,1663.0,1575.1,1707.0,0.2876112163066864,0.31255239248275757,0.2630000114440918,1.0
7581.T,6310.0,5821.4,6554.3,0.2943374812602997,0.3258023262023926,0.2630000114440918,1.0
9533.T,1237.5,1164.8,1273.9,0.28968578577041626,0.3167208731174469,0.2630000114440918,1.0
9432.T,174.9,168.4,178.2,0.2954910397529602,0.3289843201637268,0.2619999945163727,1.0
9021.T,3006.0,2911.4,3053.3,0.2931082844734192,0.32463040947914124,0.2619999945163727,1.0
6135.T,15460.0,14648.6,15865.7,0.292569637298584,0.32289159297943115,0.2619999945163727,1.0
8334.T,3001.0,2837.1,3083.0,0.29056885838508606,0.3190614581108093,0.2619999945163727,1.0
6951.T,7564.0,6993.1,7849.4,0.2896646559238434,0.3175271451473236,0.2619999945163727,1.0
8361.T,8450.0,7917.1,8716.4,0.2912452816963196,0.3209797143936157,0.2619999945163727,1.0
9505.T,1121.0,1052.6,1155.2,0.29256418347358704,0.32279545068740845,0.2619999945163727,1.0
8411.T,8280.0,7811.3,8514.4,0.2861599326133728,0.3101736009120941,0.2619999945163727,1.0
6787.T,23780.0,20980.0,25180.0,0.29627156257629395,0.33100205659866333,0.2619999945163727,1.0
8053.T,1768.5,1662.1,1821.7,0.2958748936653137,0.3299620747566223,0.2619999945163727,1.0
7389.T,1905.0,1743.4,1985.8,0.2901930510997772,0.3185034990310669,0.2619999945163727,1.0
9042.T,4507.0,4349.7,4585.6,0.29384568333625793,0.3252899944782257,0.2619999945163727,1.0
6627.T,12030.0,10665.7,12712.1,0.2903134822845459,0.3186468482017517,0.2619999945163727,1.0
6366.T,681.0,635.0,704.0,0.286209374666214,0.31164175271987915,0.26100000739097595,1.0
8267.T,1300.0,1229.9,1335.1,0.2933344542980194,0.3258854150772095,0.26100000739097595,1.0
7327.T,2692.0,2555.4,2760.3,0.289775550365448,0.3190324604511261,0.26100000739097595,1.0
8714.T,1090.0,1033.7,1118.1,0.2894560992717743,0.3176347017288208,0.26100000739097595,1.0
9503.T,2765.5,2574.6,2861.0,0.2906535267829895,0.3199431896209717,0.26100000739097595,1.0
9508.T,2064.5,1916.2,2138.6,0.289626806974411,0.3178473114967346,0.26100000739097595,1.0
5020.T,1422.0,1330.9,1467.6,0.29481595754623413,0.32910412549972534,0.26100000739097595,1.0
8344.T,5240.0,4777.1,5471.4,0.29215654730796814,0.3234204053878784,0.26100000739097595,1.0
8725.T,4970.0,4713.9,5098.1,0.29053473472595215,0.319610595703125,0.26100000739097595,1.0
9989.T,3661.0,3560.4,3711.3,0.29413482546806335,0.32723963260650635,0.26100000739097595,1.0
4324.T,3561.0,3386.3,3648.4,0.2914884090423584,0.32234856486320496,0.26100000739097595,1.0
6326.T,2750.5,2570.6,2840.4,0.29147961735725403,0.3214952349662781,0.26100000739097595,1.0
8306.T,3573.0,3402.1,3658.4,0.28693076968193054,0.312964528799057,0.26100000739097595,1.0
8316.T,6679.0,6330.7,6853.1,0.2856901288032532,0.31069818139076233,0.26100000739097595,1.0
8346.T,1011.0,949.6,1041.7,0.28964486718177795,0.3189089298248291,0.25999999046325684,1.0
9509.T,1109.0,1043.6,1141.7,0.2886727452278137,0.31704074144363403,0.25999999046325684,1.0
8366.T,2863.0,2690.7,2949.1,0.28815075755119324,0.31655216217041016,0.25999999046325684,1.0
6460.T,3260.0,3073.6,3353.2,0.29259663820266724,0.32542338967323303,0.25999999046325684,1.0
8377.T,8358.0,7824.0,8625.0,0.28828686475753784,0.3168276250362396,0.25999999046325684,1.0
9507.T,2120.5,1947.4,2207.1,0.29100334644317627,0.32165464758872986,0.25999999046325684,1.0
9024.T,3551.0,3374.3,3639.4,0.2920113205909729,0.32413533329963684,0.25999999046325684,1.0
7458.T,1882.5,1824.4,1911.5,0.28912127017974854,0.31871169805526733,0.25999999046325684,1.0
7181.T,1782.5,1698.5,1824.5,0.2900126874446869,0.32085901498794556,0.2590000033378601,1.0
6770.T,2210.0,2073.1,2278.5,0.2864210903644562,0.3139282464981079,0.2590000033378601,1.0
8368.T,2459.0,2301.1,2537.9,0.2896762788295746,0.32023152709007263,0.2590000033378601,1.0
9023.T,1533.0,1485.1,1556.9,0.29171222448349,0.32473787665367126,0.2590000033378601,1.0
3048.T,1724.5,1655.8,1758.9,0.293133020401001,0.327376127243042,0.2590000033378601,1.0
9504.T,1042.0,972.1,1076.9,0.2900281548500061,0.32059043645858765,0.2590000033378601,1.0
8729.T,158.9,152.1,162.3,0.28921744227409363,0.31947338581085205,0.2590000033378601,1.0
3861.T,870.3,844.4,883.3,0.2905327081680298,0.3221985101699829,0.2590000033378601,1.0
3397.T,4313.0,4126.3,4406.4,0.2945345938205719,0.3301638960838318,0.2590000033378601,1.0
8524.T,1318.0,1238.0,1358.0,0.28820860385894775,0.31724393367767334,0.2590000033378601,1.0
8358.T,2820.0,2666.7,2896.6,0.2857779860496521,0.31299662590026855,0.2590000033378601,1.0
6479.T,3606.0,3375.6,3721.2,0.2877606451511383,0.31674981117248535,0.2590000033378601,1.0
6330.T,2640.0,2244.9,2837.6,0.2930586040019989,0.3273053765296936,0.2590000033378601,1.0
9048.T,1860.0,1811.8,1884.1,0.2925538122653961,0.32603326439857483,0.2590000033378601,1.0
8341.T,4053.0,3806.9,4176.1,0.2880605459213257,0.31708768010139465,0.2590000033378601,1.0
8303.T,1573.0,1483.1,1618.0,0.28613772988319397,0.31333693861961365,0.2590000033378601,1.0
7189.T,4913.0,4638.1,5050.4,0.2878558337688446,0.3165738880634308,0.2590000033378601,1.0
8359.T,2723.0,2566.9,2801.0,0.28712257742881775,0.31499892473220825,0.2590000033378601,1.0
4023.T,4110.0,3899.3,4215.4,0.29573220014572144,0.3322681486606598,0.2590000033378601,1.0
5301.T,2273.0,2068.2,2375.4,0.2965967059135437,0.3347693681716919,0.257999986410141,1.0
8153.T,3915.0,3801.4,3971.8,0.2886711061000824,0.3192571699619293,0.257999986410141,1.0
7453.T,3943.0,3708.3,4060.4,0.2926476299762726,0.32682475447654724,0.257999986410141,1.0
3092.T,1138.5,1092.9,1161.3,0.29394179582595825,0.3297368884086609,0.257999986410141,1.0
6098.T,16000.0,14700.7,16649.6,0.29125186800956726,0.3248329162597656,0.257999986410141,1.0
6724.T,3209.0,3038.4,3294.3,0.2860462963581085,0.3137090802192688,0.257999986410141,1.0
8242.T,2847.5,2738.0,2902.2,0.29200494289398193,0.32579630613327026,0.257999986410141,1.0
4684.T,5057.0,4776.4,5197.3,0.29378655552864075,0.3299615681171417,0.257999986410141,1.0
8601.T,1800.5,1717.1,1842.2,0.2903861105442047,0.3236956000328064,0.25699999928474426,1.0
9022.T,3755.0,3602.6,3831.2,0.2905246615409851,0.32357972860336304,0.25699999928474426,1.0
1721.T,5593.0,5314.3,5732.4,0.28803354501724243,0.3188176155090332,0.25699999928474426,1.0
9861.T,3617.0,3470.7,3690.1,0.2919883728027344,0.3267349302768707,0.25699999928474426,1.0
1719.T,1910.0,1845.7,1942.1,0.28618666529655457,0.31549835205078125,0.25699999928474426,1.0
8031.T,5033.0,4750.3,5174.4,0.2898107171058655,0.32241708040237427,0.25699999928474426,1.0
2331.T,1216.5,1167.1,1241.2,0.28845763206481934,0.320242702960968,0.25699999928474426,1.0
8698.T,716.0,685.9,731.1,0.2898646891117096,0.32269755005836487,0.25699999928474426,1.0
1414.T,1262.5,1222.5,1282.5,0.28566059470176697,0.31544581055641174,0.25600001215934753,1.0
9506.T,1337.0,1253.9,1378.5,0.2871302366256714,0.3183092474937439,0.25600001215934753,1.0
6753.T,656.4,606.5,681.4,0.2859286963939667,0.3166714608669281,0.2549999952316284,1.0
8015.T,7361.0,6910.0,7586.5,0.28712910413742065,0.3188210129737854,0.2549999952316284,1.0
6702.T,3993.0,3752.7,4113.1,0.285661518573761,0.3167141079902649,0.2549999952316284,1.0
6779.T,3290.0,2872.9,3498.6,0.29336804151535034,0.33197128772735596,0.2549999952316284,1.0
9008.T,791.0,760.5,806.3,0.2909221947193146,0.32702648639678955,0.2549999952316284,1.0
9831.T,719.4,692.8,732.7,0.2910860478878021,0.32723507285118103,0.2549999952316284,1.0
9984.T,6352.0,5438.7,6808.6,0.2970811724662781,0.33958539366722107,0.2549999952316284,1.0
9744.T,3482.0,3383.7,3531.1,0.2875235974788666,0.3202604353427887,0.2549999952316284,1.0
3197.T,3168.0,3019.7,3242.1,0.291340708732605,0.32801714539527893,0.2549999952316284,1.0
6862.T,5590.0,4847.1,5961.4,0.29584866762161255,0.33693185448646545,0.2549999952316284,1.0
9041.T,3520.0,3424.0,3568.0,0.2911972999572754,0.3283194899559021,0.2540000081062317,1.0
5202.T,496.0,493.0,497.5,0.2869913876056671,0.3204086124897003,0.2540000081062317,1.0
8136.T,1212.0,1122.9,1256.5,0.2887747883796692,0.3233308792114258,0.2540000081062317,1.0
7826.T,10700.0,9278.6,11410.7,0.29397839307785034,0.3334689438343048,0.2540000081062317,1.0
3444.T,1122.0,945.3,1210.4,0.28859618306159973,0.32319703698158264,0.2540000081062317,1.0
4661.T,2956.5,2781.9,3043.8,0.2857857346534729,0.31864964962005615,0.2529999911785126,1.0
2784.T,2384.0,2311.2,2420.4,0.2869183123111725,0.32065314054489136,0.2529999911785126,1.0
8628.T,1144.0,1090.9,1170.6,0.2890969514846802,0.324880987405777,0.2529999911785126,1.0
6946.T,7450.0,6664.3,7842.9,0.29206985235214233,0.33122485876083374,0.2529999911785126,1.0
2127.T,640.0,613.2,653.4,0.28773725032806396,0.32204943895339966,0.2529999911785126,1.0
3088.T,2525.0,2410.0,2582.5,0.2897053360939026,0.3265116810798645,0.2529999911785126,1.0
6178.T,2485.0,2361.3,2546.9,0.2875172197818756,0.3216744363307953,0.2529999911785126,1.0
6436.T,3875.0,3769.3,3927.9,0.28882670402526855,0.3249512314796448,0.2529999911785126,1.0
9007.T,1775.5,1719.1,1803.7,0.28955456614494324,0.3271782398223877,0.25200000405311584,1.0
1893.T,1558.0,1457.6,1608.2,0.28863292932510376,0.3253331482410431,0.25200000405311584,1.0
9020.T,3463.0,3335.0,3527.0,0.2881426513195038,0.3246154487133026,0.25200000405311584,1.0
2768.T,5714.0,5417.3,5862.4,0.28592291474342346,0.32103779911994934,0.25099998712539673,1.0
3167.T,1355.0,1304.6,1380.2,0.2867114543914795,0.32241034507751465,0.25099998712539673,1.0
3105.T,2519.5,2333.9,2612.3,0.28718674182891846,0.32375282049179077,0.25099998712539673,1.0
2737.T,39950.0,35292.9,42278.6,0.29262620210647583,0.33415260910987854,0.25099998712539673,1.0
2767.T,2599.0,2466.1,2665.4,0.2863301634788513,0.3214814066886902,0.25099998712539673,1.0
2181.T,292.8,276.0,301.2,0.28534942865371704,0.3196321427822113,0.25099998712539673,1.0
9142.T,3545.0,3425.9,3604.6,0.28887856006622314,0.32704979181289673,0.25099998712539673,1.0
3549.T,3976.0,3760.6,4083.7,0.2899286448955536,0.3289373219013214,0.25099998712539673,1.0
8020.T,2317.0,2215.5,2367.8,0.28613612055778503,0.3214227259159088,0.25099998712539673,1.0
5032.T,3010.0,2754.1,3137.9,0.2923871576786041,0.3348425626754761,0.25,1.0
8252.T,2864.0,2784.6,2903.7,0.2906942367553711,0.33154231309890747,0.25,1.0
9364.T,4893.0,4775.1,4951.9,0.28422611951828003,0.3181617856025696,0.25,1.0
9006.T,1548.5,1505.3,1570.1,0.2889633774757385,0.3280948996543884,0.25,1.0
4180.T,1488.0,1342.9,1560.6,0.2925531268119812,0.3350529074668884,0.25,1.0
6417.T,2120.0,2024.7,2167.6,0.28703761100769043,0.32389822602272034,0.25,1.0
8058.T,4811.0,4534.7,4949.1,0.28536608815193176,0.32053783535957336,0.25,1.0
3132.T,4214.0,3899.7,4371.1,0.29020339250564575,0.33036842942237854,0.25,1.0
7550.T,10220.0,9485.0,10587.5,0.2872101962566376,0.3258299231529236,0.24899999797344208,1.0
9301.T,1555.0,1503.1,1580.9,0.28151780366897583,0.3144161105155945,0.24899999797344208,1.0
4440.T,2750.0,1873.4,3188.3,0.29714375734329224,0.3466031849384308,0.24799999594688416,1.0
8473.T,3251.0,3071.7,3340.6,0.2857314646244049,0.3230249285697937,0.24799999594688416,1.0
3107.T,3702.0,3545.3,3780.4,0.2832610011100769,0.3198116421699524,0.24699999392032623,1.0
2371.T,3805.0,3713.1,3850.9,0.28464844822883606,0.32220321893692017,0.24699999392032623,1.0
1605.T,3834.0,3586.7,3957.6,0.28232550621032715,0.31737059354782104,0.24699999392032623,1.0
5076.T,2913.0,2780.8,2979.1,0.2821454107761383,0.31703728437423706,0.24699999392032623,1.0
8001.T,2220.5,2095.2,2283.1,0.28417468070983887,0.32304590940475464,0.24500000476837158,1.0
8604.T,1549.5,1463.1,1592.7,0.2844591438770294,0.32395607233047485,0.24500000476837158,1.0
1662.T,1879.0,1760.9,1938.1,0.2810059189796448,0.3169040083885193,0.24500000476837158,1.0
8060.T,3679.0,3533.9,3751.6,0.28345972299575806,0.3215939402580261,0.24500000476837158,1.0
2146.T,239.0,227.9,244.6,0.28393736481666565,0.3241921365261078,0.24400000274181366,1.0
2702.T,7660.0,7381.4,7799.3,0.2861800789833069,0.3281239867210388,0.24400000274181366,1.0
9009.T,1337.5,1278.7,1366.9,0.28473734855651855,0.32669275999069214,0.24300000071525574,1.0
3064.T,1931.0,1821.4,1985.8,0.2873567044734955,0.33273744583129883,0.24199999868869781,1.0
8848.T,1021.0,935.9,1063.6,0.29527702927589417,0.34883326292037964,0.24199999868869781,1.0
9627.T,5490.0,5177.3,5646.4,0.28499484062194824,0.33024394512176514,0.23999999463558197,1.0
3038.T,2963.0,2705.4,3091.8,0.2819457948207855,0.3251380920410156,0.23899999260902405,1.0
9843.T,3034.0,2775.3,3163.4,0.28049522638320923,0.32305312156677246,0.23800000548362732,1.0
3349.T,6419.0,6017.9,6619.6,0.28208258748054504,0.3285270631313324,0.23600000143051147,1.0
2782.T,4680.0,4385.7,4827.1,0.2817034125328064,0.3304753601551056,0.2329999953508377,1.0
9130.T,1732.0,1475.6,1860.2,0.2841778099536896,0.343842089176178,0.22499999403953552,1.0
4667.T,3260.0,2257.6,3761.2,0.28962868452072144,0.3542448878288269,0.22499999403953552,1.0
6191.T,1545.0,1323.0,1656.0,0.28501027822494507,0.347881555557251,0.22200000286102295,1.0
4174.T,1019.0,812.7,1122.1,0.28545910120010376,0.35316330194473267,0.21799999475479126,1.0
6203.T,2455.0,1716.7,2824.1,0.27980414032936096,0.3456970155239105,0.21400000154972076,1.0
3823.T,40.0,31.7,44.1,0.27933651208877563,0.34750694036483765,0.210999995470047,1.0
6356.T,1362.0,1158.3,1463.9,0.2781746983528137,0.35377559065818787,0.2029999941587448,1.0
