ticker,price,target_price,stop_price,prob_win,prob_stop,beta,vol_ratio,turnover_oku,action,reason
4812.T,2859.0,2913.6,2831.7,0.3684,0.5294,0.05,0.84,27.6,⏸️ WAIT,確信度不足
6480.T,1600.0,1763.9,1518.1,0.3623,0.5421,1.9,1.2,11.6,⏸️ WAIT,確信度不足
9706.T,5409.0,5659.0,5284.0,0.362,0.5331,0.31,0.54,95.4,⏸️ WAIT,確信度不足
8056.T,4750.0,4961.1,4644.4,0.3616,0.542,-0.03,1.11,19.5,⏸️ WAIT,確信度不足
2331.T,1216.5,1254.8,1197.4,0.3613,0.5463,-0.22,1.17,12.5,⏸️ WAIT,確信度不足
3110.T,2835.0,3183.0,2661.0,0.3609,0.5474,2.01,1.13,137.9,⏸️ WAIT,確信度不足
6966.T,868.0,944.0,830.0,0.3598,0.5441,1.65,1.07,63.6,⏸️ WAIT,確信度不足
6417.T,2055.0,2132.1,2016.4,0.3588,0.5417,-0.16,1.3,19.7,⏸️ WAIT,確信度不足
4022.T,1830.0,2031.1,1729.4,0.3586,0.5522,2.1,0.92,12.8,⏸️ WAIT,確信度不足
2413.T,1690.0,1813.5,1628.2,0.3585,0.5441,0.12,1.05,59.9,⏸️ WAIT,確信度不足
8388.T,10190.0,10891.4,9839.3,0.3584,0.5415,0.59,1.51,10.5,⏸️ WAIT,確信度不足
6136.T,3382.0,3592.4,3276.8,0.3583,0.5448,1.21,1.04,10.6,⏸️ WAIT,確信度不足
1911.T,1218.0,1265.8,1194.1,0.3577,0.5427,0.42,1.58,74.3,⏸️ WAIT,確信度不足
6890.T,8620.0,9594.3,8132.9,0.3577,0.5399,2.31,1.23,83.7,⏸️ WAIT,確信度不足
4047.T,2136.0,2324.6,2041.7,0.3575,0.5459,1.85,1.2,15.1,⏸️ WAIT,確信度不足
4182.T,3809.0,4047.6,3689.7,0.3574,0.5448,1.24,1.13,53.9,⏸️ WAIT,確信度不足
3099.T,3151.0,3317.4,3067.8,0.3573,0.5369,0.72,1.06,64.6,⏸️ WAIT,確信度不足
4118.T,5927.0,6173.6,5803.7,0.3573,0.5479,0.43,1.17,10.6,⏸️ WAIT,確信度不足
2737.T,34800.0,39154.3,32622.9,0.3572,0.5495,1.85,1.27,38.2,⏸️ WAIT,確信度不足
7735.T,12255.0,13343.6,11710.7,0.3571,0.5418,1.39,1.13,211.6,⏸️ WAIT,確信度不足
5844.T,4815.0,5052.0,4696.5,0.357,0.548,0.75,1.29,51.2,⏸️ WAIT,確信度不足
4452.T,3387.0,3511.6,3324.7,0.3567,0.538,0.1,1.23,93.1,⏸️ WAIT,確信度不足
2503.T,2775.0,2877.7,2723.6,0.3565,0.5416,0.05,1.05,83.2,⏸️ WAIT,確信度不足
4519.T,6422.0,6670.9,6297.6,0.3564,0.5457,-0.05,1.03,188.6,⏸️ WAIT,確信度不足
4004.T,14295.0,16070.7,13407.1,0.3562,0.5455,2.01,1.52,299.5,⏸️ WAIT,確信度不足
4194.T,8028.0,8618.0,7733.0,0.3562,0.5461,0.61,2.86,33.5,⏸️ WAIT,確信度不足
6856.T,21490.0,22966.4,20751.8,0.356,0.5412,1.46,1.31,42.9,⏸️ WAIT,確信度不足
3132.T,3761.0,4076.3,3603.4,0.3558,0.5462,1.74,1.33,26.3,⏸️ WAIT,確信度不足
5947.T,3432.0,3540.0,3378.0,0.3557,0.5486,0.08,1.45,11.4,⏸️ WAIT,確信度不足
5706.T,23240.0,26232.1,21743.9,0.3555,0.5396,2.22,1.12,415.6,⏸️ WAIT,確信度不足
2502.T,1586.5,1633.3,1563.1,0.3554,0.5423,-0.0,1.0,91.9,⏸️ WAIT,確信度不足
8358.T,2806.0,2946.6,2735.7,0.3553,0.5524,0.51,1.38,20.9,⏸️ WAIT,確信度不足
4704.T,5813.0,6223.4,5607.8,0.3552,0.5533,-0.25,1.11,59.5,⏸️ WAIT,確信度不足
6141.T,2764.5,2920.9,2686.3,0.3551,0.5462,1.18,0.94,44.5,⏸️ WAIT,確信度不足
6806.T,24065.0,25376.4,23409.3,0.3551,0.5361,1.11,1.19,35.9,⏸️ WAIT,確信度不足
8308.T,2522.0,2662.5,2451.8,0.3548,0.55,0.6,1.41,243.8,⏸️ WAIT,確信度不足
6460.T,3194.0,3379.6,3101.2,0.3547,0.5374,0.01,1.16,33.6,⏸️ WAIT,確信度不足
8304.T,3457.0,3618.3,3376.4,0.3545,0.5423,0.3,1.03,41.6,⏸️ WAIT,確信度不足
3103.T,1470.0,1726.1,1341.9,0.3543,0.5422,1.19,0.62,100.8,⏸️ WAIT,確信度不足
8418.T,3203.0,3361.3,3123.9,0.3542,0.5427,0.6,1.69,15.1,⏸️ WAIT,確信度不足
6503.T,5027.0,5340.3,4870.4,0.3539,0.5462,1.25,1.05,302.8,⏸️ WAIT,確信度不足
6965.T,2193.0,2332.6,2123.2,0.3537,0.5589,1.27,0.81,53.4,⏸️ WAIT,確信度不足
6376.T,3270.0,3642.1,3083.9,0.3536,0.5374,1.3,1.13,13.3,⏸️ WAIT,確信度不足
6592.T,1658.5,1732.7,1621.4,0.3536,0.5482,0.76,1.14,17.9,⏸️ WAIT,確信度不足
6702.T,3749.0,3960.3,3643.4,0.3535,0.5492,0.55,1.3,227.9,⏸️ WAIT,確信度不足
8361.T,8180.0,8687.1,7926.4,0.3535,0.5496,0.55,1.46,12.3,⏸️ WAIT,確信度不足
9364.T,4809.0,4916.9,4755.1,0.3533,0.5476,0.22,1.25,13.0,⏸️ WAIT,確信度不足
2579.T,3684.0,3842.1,3604.9,0.3531,0.5373,0.3,1.06,23.0,⏸️ WAIT,確信度不足
5929.T,3367.0,3495.7,3302.6,0.353,0.5545,0.43,1.4,23.9,⏸️ WAIT,確信度不足
6787.T,19020.0,21474.3,17792.9,0.3529,0.5548,2.21,0.8,59.2,⏸️ WAIT,確信度不足
6849.T,1540.0,1607.4,1506.3,0.3529,0.5564,-0.14,1.61,11.1,⏸️ WAIT,確信度不足
8020.T,2263.0,2364.1,2212.4,0.3528,0.5484,0.45,1.18,11.2,⏸️ WAIT,確信度不足
7721.T,6550.0,7232.9,6208.6,0.3527,0.5422,1.5,1.12,17.2,⏸️ WAIT,確信度不足
4091.T,5379.0,5647.6,5244.7,0.3526,0.5494,0.55,1.17,34.6,⏸️ WAIT,確信度不足
4324.T,3577.0,3772.3,3479.4,0.3526,0.5572,0.1,1.16,34.7,⏸️ WAIT,確信度不足
4516.T,3386.0,3498.1,3329.9,0.3526,0.549,-0.0,1.31,11.2,⏸️ WAIT,確信度不足
4755.T,716.2999877929688,753.4,697.8,0.3526,0.5497,0.73,0.9,98.5,⏸️ WAIT,確信度不足
7733.T,1970.0,2077.6,1916.2,0.3526,0.5499,-0.16,1.33,87.7,⏸️ WAIT,確信度不足
8334.T,2891.0,3041.7,2815.6,0.3526,0.5481,0.44,1.73,31.9,⏸️ WAIT,確信度不足
5832.T,3508.0,3676.0,3424.0,0.3525,0.5458,0.64,1.27,13.7,⏸️ WAIT,確信度不足
9435.T,37680.0,38972.9,37033.6,0.3525,0.555,0.19,1.09,23.3,⏸️ WAIT,確信度不足
6507.T,11330.0,12428.6,10780.7,0.3524,0.5474,1.51,1.13,17.8,⏸️ WAIT,確信度不足
6861.T,76000.0,80080.0,73960.0,0.3524,0.5542,1.14,1.44,425.1,⏸️ WAIT,確信度不足
7389.T,1979.0,2141.9,1897.6,0.3524,0.5528,0.26,2.27,19.8,⏸️ WAIT,確信度不足
6113.T,2338.5,2495.4,2260.0,0.3523,0.541,1.64,1.35,55.3,⏸️ WAIT,確信度不足
8253.T,4595.0,4797.4,4493.8,0.3523,0.5599,0.24,1.14,33.1,⏸️ WAIT,確信度不足
4901.T,3225.0,3361.3,3156.9,0.3522,0.5538,0.4,1.11,124.6,⏸️ WAIT,確信度不足
6323.T,3464.0,3797.4,3297.3,0.3521,0.5508,1.43,1.28,44.5,⏸️ WAIT,確信度不足
7974.T,8093.0,8617.4,7830.8,0.3521,0.5389,0.27,1.04,794.8,⏸️ WAIT,確信度不足
8303.T,1568.5,1642.4,1531.6,0.352,0.5516,0.68,1.01,41.9,⏸️ WAIT,確信度不足
5715.T,4045.0,4410.0,3862.5,0.3519,0.5459,1.52,1.36,10.3,⏸️ WAIT,確信度不足
7012.T,2319.0,2477.8,2239.6,0.3519,0.5485,0.95,0.92,298.8,⏸️ WAIT,確信度不足
5393.T,3292.0,3494.7,3190.6,0.3517,0.5446,1.22,1.21,14.6,⏸️ WAIT,確信度不足
3923.T,1021.5,1111.7,976.4,0.3516,0.5495,0.05,0.99,19.5,⏸️ WAIT,確信度不足
3382.T,2008.0,2073.2,1975.4,0.3515,0.5404,-0.12,1.21,143.6,⏸️ WAIT,確信度不足
6753.T,678.0,720.4,656.8,0.3514,0.5499,0.69,1.87,27.9,⏸️ WAIT,確信度不足
9962.T,3447.0,3689.1,3325.9,0.3514,0.5375,1.29,1.35,41.4,⏸️ WAIT,確信度不足
2802.T,4974.0,5252.1,4834.9,0.3513,0.5589,0.98,1.01,147.7,⏸️ WAIT,確信度不足
8366.T,2852.0,3011.3,2772.4,0.3513,0.5494,0.85,1.48,14.8,⏸️ WAIT,確信度不足
6315.T,2116.0,2302.1,2022.9,0.3512,0.5476,1.79,1.33,66.8,⏸️ WAIT,確信度不足
6269.T,8995.0,9641.3,8671.9,0.351,0.5481,1.47,1.3,60.6,⏸️ WAIT,確信度不足
6367.T,20780.0,21512.9,20413.6,0.351,0.552,0.39,1.15,221.4,⏸️ WAIT,確信度不足
6383.T,5429.0,5752.1,5267.4,0.351,0.5491,1.21,1.2,81.0,⏸️ WAIT,確信度不足
3659.T,3070.0,3211.7,2999.1,0.3509,0.5574,0.24,1.01,84.2,⏸️ WAIT,確信度不足
8343.T,9440.0,10105.7,9107.1,0.3509,0.544,0.78,1.21,15.1,⏸️ WAIT,確信度不足
4578.T,11335.0,11827.1,11088.9,0.3507,0.5489,0.06,1.4,138.7,⏸️ WAIT,確信度不足
6902.T,1921.0,1989.6,1886.7,0.3507,0.5519,0.42,1.1,130.6,⏸️ WAIT,確信度不足
9449.T,3816.0,4038.6,3704.7,0.3507,0.5498,0.34,0.87,10.3,⏸️ WAIT,確信度不足
1942.T,5433.0,5738.3,5280.4,0.3506,0.5489,1.26,0.7,38.9,⏸️ WAIT,確信度不足
6135.T,14580.0,15475.7,14132.1,0.3506,0.5452,1.14,1.2,18.2,⏸️ WAIT,確信度不足
8086.T,1438.5,1491.7,1411.9,0.3506,0.5549,0.15,0.86,11.3,⏸️ WAIT,確信度不足
3105.T,2235.0,2401.1,2151.9,0.3505,0.5609,1.12,0.93,17.4,⏸️ WAIT,確信度不足
4971.T,6020.0,6584.3,5737.9,0.3505,0.5577,1.79,1.23,15.2,⏸️ WAIT,確信度不足
4392.T,980.0,1157.0,891.5,0.3504,0.5515,-0.04,0.8,15.5,⏸️ WAIT,確信度不足
6370.T,7366.0,7812.4,7142.8,0.3504,0.5463,1.27,1.14,44.2,⏸️ WAIT,確信度不足
8338.T,726.0,790.3,693.9,0.3504,0.5532,1.04,1.0,11.1,⏸️ WAIT,確信度不足
6526.T,1834.5,1986.1,1758.7,0.3503,0.5401,1.56,1.11,102.5,⏸️ WAIT,確信度不足
6752.T,4200.0,4523.3,4038.4,0.3503,0.5526,1.54,1.05,328.9,⏸️ WAIT,確信度不足
6875.T,10490.0,11261.4,10104.3,0.3503,0.5515,1.36,0.89,10.8,⏸️ WAIT,確信度不足
7003.T,4145.0,4502.0,3966.5,0.3503,0.5462,1.43,1.05,88.9,⏸️ WAIT,確信度不足
9468.T,3588.0,3748.4,3507.8,0.3503,0.5516,-0.15,1.24,10.3,⏸️ WAIT,確信度不足
7327.T,2631.0,2766.3,2563.4,0.3502,0.5514,0.52,1.4,18.5,⏸️ WAIT,確信度不足
4483.T,3520.0,3759.3,3400.4,0.3499,0.5574,0.7,0.89,14.4,⏸️ WAIT,確信度不足
4768.T,3528.0,3677.1,3453.4,0.3499,0.5504,0.01,1.2,40.3,⏸️ WAIT,確信度不足
8113.T,951.5,984.3,935.1,0.3499,0.55,-0.1,1.13,42.6,⏸️ WAIT,確信度不足
6301.T,7114.0,7477.6,6932.2,0.3497,0.5481,0.87,1.48,205.2,⏸️ WAIT,確信度不足
6481.T,5874.0,6330.9,5645.6,0.3497,0.5484,1.44,1.22,60.5,⏸️ WAIT,確信度不足
7951.T,1232.0,1284.5,1205.8,0.3497,0.5434,0.43,1.08,32.9,⏸️ WAIT,確信度不足
4540.T,3717.0,3805.1,3672.9,0.3496,0.5363,-0.01,0.78,25.8,⏸️ WAIT,確信度不足
4099.T,2151.0,2341.6,2055.7,0.3495,0.5593,1.53,0.74,20.7,⏸️ WAIT,確信度不足
7180.T,1615.5,1696.4,1575.1,0.3495,0.557,0.44,1.36,17.6,⏸️ WAIT,確信度不足
1951.T,2540.5,2621.6,2499.9,0.3494,0.5437,0.52,1.01,11.4,⏸️ WAIT,確信度不足
6963.T,4577.0,5076.1,4327.4,0.3494,0.5522,1.97,1.28,159.9,⏸️ WAIT,確信度不足
6055.T,2088.0,2290.7,1986.6,0.3492,0.554,1.26,0.93,13.3,⏸️ WAIT,確信度不足
6368.T,12050.0,12977.9,11586.1,0.3492,0.5602,1.59,1.19,27.6,⏸️ WAIT,確信度不足
8377.T,8250.0,8727.7,8011.1,0.3492,0.5509,0.78,1.26,32.5,⏸️ WAIT,確信度不足
9831.T,717.7000122070312,745.9,703.6,0.3492,0.5562,0.0,1.06,29.5,⏸️ WAIT,確信度不足
4503.T,2240.5,2332.4,2194.6,0.3491,0.5571,-0.27,1.31,117.4,⏸️ WAIT,確信度不足
7167.T,1670.0,1752.7,1628.6,0.3491,0.5442,0.49,1.53,44.1,⏸️ WAIT,確信度不足
6645.T,6003.0,6442.4,5783.3,0.349,0.5477,1.25,1.31,70.3,⏸️ WAIT,確信度不足
8341.T,3973.0,4185.1,3866.9,0.349,0.5508,0.63,1.3,24.6,⏸️ WAIT,確信度不足
8354.T,7827.0,8186.9,7647.1,0.349,0.5445,0.52,1.5,58.3,⏸️ WAIT,確信度不足
5831.T,3551.0,3739.0,3457.0,0.3489,0.5416,0.6,1.25,70.7,⏸️ WAIT,確信度不足
6016.T,10830.0,12050.0,10220.0,0.3488,0.5455,0.97,0.94,13.1,⏸️ WAIT,確信度不足
1980.T,2653.0,2822.4,2568.3,0.3487,0.5619,1.47,0.98,15.3,⏸️ WAIT,確信度不足
5233.T,4061.0,4256.3,3963.4,0.3487,0.5481,0.75,1.11,20.5,⏸️ WAIT,確信度不足
6525.T,8162.0,9238.3,7623.9,0.3487,0.5522,2.01,0.82,813.8,⏸️ WAIT,確信度不足
8410.T,337.3999938964844,348.6,331.8,0.3487,0.5583,0.04,1.45,11.3,⏸️ WAIT,確信度不足
4912.T,1737.0,1813.6,1698.7,0.3486,0.5506,0.13,1.15,18.4,⏸️ WAIT,確信度不足
5101.T,6764.0,7247.0,6522.5,0.3486,0.5569,0.89,1.13,60.5,⏸️ WAIT,確信度不足
5938.T,1717.0,1752.6,1699.2,0.3486,0.5505,0.36,1.51,32.8,⏸️ WAIT,確信度不足
6590.T,3790.0,4183.6,3593.2,0.3485,0.5517,1.62,1.43,37.7,⏸️ WAIT,確信度不足
6954.T,5735.0,6066.9,5569.1,0.3484,0.5562,1.17,1.46,287.5,⏸️ WAIT,確信度不足
7747.T,3190.0,3432.1,3068.9,0.3484,0.5514,0.66,0.92,51.5,⏸️ WAIT,確信度不足
8282.T,1848.5,1919.1,1813.2,0.3484,0.5554,0.31,1.17,12.3,⏸️ WAIT,確信度不足
1944.T,6756.0,7109.6,6579.2,0.3482,0.5444,1.07,0.84,43.6,⏸️ WAIT,確信度不足
6501.T,5199.0,5476.9,5060.1,0.348,0.5449,0.76,1.22,417.0,⏸️ WAIT,確信度不足
6701.T,4536.0,4833.7,4387.1,0.348,0.5524,0.32,0.9,255.7,⏸️ WAIT,確信度不足
9766.T,20730.0,21837.1,20176.4,0.348,0.5563,-0.26,1.39,111.6,⏸️ WAIT,確信度不足
5838.T,6396.0,6816.6,6185.7,0.3479,0.5565,0.73,1.25,69.5,⏸️ WAIT,確信度不足
6268.T,4438.0,4780.6,4266.7,0.3479,0.5536,1.7,0.99,44.4,⏸️ WAIT,確信度不足
4208.T,3380.0,3500.4,3319.8,0.3478,0.5509,0.49,1.29,23.3,⏸️ WAIT,確信度不足
7173.T,1676.0,1764.1,1631.9,0.3477,0.542,0.92,1.27,15.9,⏸️ WAIT,確信度不足
6524.T,4860.0,5427.1,4576.4,0.3476,0.5506,2.37,0.9,10.9,⏸️ WAIT,確信度不足
7459.T,2886.0,2984.1,2837.0,0.3476,0.5492,-0.03,1.02,12.0,⏸️ WAIT,確信度不足
1893.T,1438.0,1519.3,1397.4,0.3475,0.5505,1.2,0.88,32.3,⏸️ WAIT,確信度不足
1861.T,1278.0,1316.3,1258.9,0.3473,0.5493,0.59,0.92,11.6,⏸️ WAIT,確信度不足
3436.T,2959.0,3378.5,2749.2,0.3473,0.559,1.85,1.07,335.5,⏸️ WAIT,確信度不足
6777.T,19020.0,21394.3,17832.9,0.3473,0.5546,2.38,0.95,22.0,⏸️ WAIT,確信度不足
6925.T,3538.0,3787.9,3413.1,0.3473,0.556,1.76,0.98,10.5,⏸️ WAIT,確信度不足
6227.T,5800.0,6694.3,5352.9,0.3472,0.552,2.62,1.24,56.3,⏸️ WAIT,確信度不足
6407.T,5060.0,5565.0,4807.5,0.3471,0.5594,1.72,0.82,25.5,⏸️ WAIT,確信度不足
2702.T,8030.0,8307.1,7891.4,0.347,0.5517,-0.29,0.99,36.7,⏸️ WAIT,確信度不足
3769.T,8293.0,8838.9,8020.1,0.347,0.5595,-0.44,0.92,26.6,⏸️ WAIT,確信度不足
4114.T,2507.0,2620.6,2450.2,0.3469,0.5526,0.4,0.99,20.2,⏸️ WAIT,確信度不足
5032.T,3115.0,3313.1,3015.9,0.3468,0.5606,0.68,1.02,38.3,⏸️ WAIT,確信度不足
9065.T,7914.0,8196.7,7772.6,0.3468,0.5502,0.51,2.95,24.5,⏸️ WAIT,確信度不足
9616.T,3095.0,3241.6,3021.7,0.3468,0.5485,0.24,1.07,23.5,⏸️ WAIT,確信度不足
4716.T,8995.0,9418.3,8783.4,0.3467,0.5533,0.19,1.1,20.0,⏸️ WAIT,確信度不足
6005.T,3005.0,3147.0,2934.0,0.3467,0.5336,0.6,1.0,11.6,⏸️ WAIT,確信度不足
8359.T,2703.5,2844.9,2632.8,0.3467,0.552,0.74,1.18,37.5,⏸️ WAIT,確信度不足
6622.T,11900.0,12917.1,11391.4,0.3466,0.5545,1.77,0.85,22.7,⏸️ WAIT,確信度不足
4180.T,1420.0,1575.3,1342.4,0.3465,0.5625,1.06,0.83,22.9,⏸️ WAIT,確信度不足
6134.T,6705.0,7255.7,6429.6,0.3465,0.5547,1.74,1.87,56.9,⏸️ WAIT,確信度不足
6754.T,3139.0,3365.1,3025.9,0.3465,0.5601,1.42,1.07,32.3,⏸️ WAIT,確信度不足
6997.T,2674.0,3028.9,2496.6,0.3465,0.5498,2.48,0.84,27.7,⏸️ WAIT,確信度不足
1407.T,2220.0,2479.5,2090.3,0.3464,0.5523,1.64,1.28,10.3,⏸️ WAIT,確信度不足
4543.T,2246.0,2354.9,2191.6,0.3464,0.5575,0.47,1.25,120.4,⏸️ WAIT,確信度不足
3778.T,3660.0,4062.9,3458.6,0.3463,0.5551,0.38,1.01,29.8,⏸️ WAIT,確信度不足
6506.T,4301.0,4604.8,4149.1,0.3463,0.5524,1.48,1.43,159.4,⏸️ WAIT,確信度不足
5830.T,3816.0,4040.7,3703.6,0.3462,0.5488,0.71,1.2,41.9,⏸️ WAIT,確信度不足
6841.T,4568.0,4844.9,4429.6,0.3462,0.5492,1.21,1.17,50.4,⏸️ WAIT,確信度不足
6941.T,7630.0,8405.7,7242.1,0.3462,0.5609,1.78,1.5,19.7,⏸️ WAIT,確信度不足
2492.T,700.0,768.4,665.8,0.3461,0.5615,0.24,0.86,23.6,⏸️ WAIT,確信度不足
4612.T,1097.0,1151.6,1069.7,0.3461,0.5539,0.9,1.28,30.8,⏸️ WAIT,確信度不足
6479.T,3391.0,3605.0,3284.0,0.3461,0.5614,1.41,1.3,92.0,⏸️ WAIT,確信度不足
3861.T,867.2999877929688,892.2,854.8,0.346,0.5455,0.19,0.99,27.2,⏸️ WAIT,確信度不足
7729.T,16285.0,17717.9,15568.6,0.346,0.56,1.34,1.01,44.4,⏸️ WAIT,確信度不足
3407.T,1552.0,1623.6,1516.2,0.3459,0.5533,0.58,1.08,66.5,⏸️ WAIT,確信度不足
4063.T,5738.0,5928.4,5642.8,0.3458,0.552,0.51,1.09,401.9,⏸️ WAIT,確信度不足
6101.T,4825.0,5307.9,4583.6,0.3458,0.5616,1.69,1.4,17.9,⏸️ WAIT,確信度不足
6324.T,5790.0,6372.9,5498.6,0.3457,0.552,2.15,1.77,73.0,⏸️ WAIT,確信度不足
8136.T,1188.5,1276.6,1144.5,0.3456,0.55,0.21,0.83,215.1,⏸️ WAIT,確信度不足
9001.T,2939.0,3017.9,2899.6,0.3456,0.5504,-0.13,1.08,16.2,⏸️ WAIT,確信度不足
4043.T,4063.0,4318.4,3935.3,0.3455,0.5625,1.31,0.92,23.6,⏸️ WAIT,確信度不足
6103.T,4330.0,4632.9,4178.6,0.3455,0.5524,1.34,1.1,20.5,⏸️ WAIT,確信度不足
7309.T,17915.0,18695.0,17525.0,0.3455,0.5578,0.25,1.19,52.7,⏸️ WAIT,確信度不足
5076.T,2768.0,2897.9,2703.1,0.3454,0.5512,0.8,1.2,37.2,⏸️ WAIT,確信度不足
5901.T,4517.0,4664.3,4443.4,0.3454,0.5577,0.27,1.53,13.5,⏸️ WAIT,確信度不足
7966.T,5160.0,5512.9,4983.6,0.3453,0.5598,1.4,0.34,94.2,⏸️ WAIT,確信度不足
9021.T,2998.0,3082.2,2955.9,0.3453,0.5574,0.05,1.17,52.5,⏸️ WAIT,確信度不足
1721.T,5372.0,5578.0,5269.0,0.3452,0.5474,0.49,1.32,27.3,⏸️ WAIT,確信度不足
3288.T,7415.0,7684.1,7280.4,0.3452,0.5471,0.45,0.99,19.2,⏸️ WAIT,確信度不足
5332.T,5773.0,6090.1,5614.4,0.3452,0.5602,1.22,1.19,52.5,⏸️ WAIT,確信度不足
8022.T,3860.0,4101.4,3739.3,0.3452,0.5557,0.18,1.04,11.6,⏸️ WAIT,確信度不足
5741.T,2164.0,2318.3,2086.9,0.3451,0.5576,0.94,1.45,16.3,⏸️ WAIT,確信度不足
8524.T,1298.0,1371.1,1261.4,0.3451,0.5568,0.57,1.27,18.5,⏸️ WAIT,確信度不足
4523.T,4658.0,4824.9,4574.6,0.345,0.5624,-0.24,1.2,53.4,⏸️ WAIT,確信度不足
4980.T,2865.0,3088.4,2753.3,0.345,0.5457,1.66,1.45,35.5,⏸️ WAIT,確信度不足
6981.T,7352.0,8147.4,6954.3,0.345,0.558,2.03,1.11,1552.0,⏸️ WAIT,確信度不足
1959.T,7887.0,8238.7,7711.1,0.3449,0.5537,0.83,0.96,14.5,⏸️ WAIT,確信度不足
5631.T,6966.0,7562.3,6667.9,0.3449,0.557,0.69,1.42,78.4,⏸️ WAIT,確信度不足
6996.T,2528.0,2796.1,2393.9,0.3447,0.5598,1.92,0.76,22.1,⏸️ WAIT,確信度不足
7014.T,4580.0,5036.4,4351.8,0.3447,0.5543,1.61,1.21,96.3,⏸️ WAIT,確信度不足
6728.T,6910.0,7387.9,6671.1,0.3446,0.566,0.57,1.15,28.4,⏸️ WAIT,確信度不足
9024.T,3507.0,3669.7,3425.6,0.3446,0.5599,-0.04,1.06,36.6,⏸️ WAIT,確信度不足
1963.T,2312.0,2470.4,2232.8,0.3444,0.549,0.73,1.24,38.1,⏸️ WAIT,確信度不足
9735.T,6336.0,6519.1,6244.4,0.3444,0.5496,-0.13,1.39,83.1,⏸️ WAIT,確信度不足
1812.T,4897.0,5158.3,4766.4,0.3442,0.5521,0.82,1.11,125.3,⏸️ WAIT,確信度不足
7337.T,2361.0,2465.8,2308.6,0.3442,0.5489,0.5,1.53,13.8,⏸️ WAIT,確信度不足
9984.T,6540.0,7237.4,6191.3,0.3442,0.5587,2.74,0.76,5963.4,⏸️ WAIT,確信度不足
5802.T,2077.5,2254.6,1988.9,0.3441,0.5689,1.54,0.84,370.1,⏸️ WAIT,確信度不足
7832.T,5359.0,5665.9,5205.6,0.3441,0.5464,-0.12,0.96,181.9,⏸️ WAIT,確信度不足
8368.T,2399.0,2557.7,2319.6,0.3441,0.5534,0.92,1.62,15.6,⏸️ WAIT,確信度不足
4368.T,2800.0,2988.6,2705.7,0.3438,0.5569,1.6,1.36,20.6,⏸️ WAIT,確信度不足
4536.T,1725.0,1803.9,1685.5,0.3438,0.549,0.23,1.11,19.6,⏸️ WAIT,確信度不足
5214.T,4802.0,5047.7,4679.1,0.3438,0.5609,1.29,0.85,30.7,⏸️ WAIT,確信度不足
6254.T,3260.0,3516.4,3131.8,0.3438,0.5598,1.81,1.23,14.1,⏸️ WAIT,確信度不足
6278.T,12530.0,13965.7,11812.1,0.3438,0.5637,2.05,1.24,24.5,⏸️ WAIT,確信度不足
5333.T,5001.0,5374.7,4814.1,0.3437,0.5694,1.46,1.54,71.2,⏸️ WAIT,確信度不足
6845.T,1437.0,1495.0,1408.0,0.3437,0.5522,0.8,1.16,18.6,⏸️ WAIT,確信度不足
5232.T,5590.0,5927.3,5421.4,0.3434,0.5539,0.88,0.99,11.2,⏸️ WAIT,確信度不足
6871.T,12680.0,14302.9,11868.6,0.3434,0.5587,1.93,1.21,157.1,⏸️ WAIT,確信度不足
7011.T,3705.0,3940.1,3587.4,0.3434,0.5573,0.83,1.04,497.0,⏸️ WAIT,確信度不足
4676.T,4034.0,4200.7,3950.6,0.3433,0.5626,-0.16,1.02,19.5,⏸️ WAIT,確信度不足
2587.T,4456.0,4588.7,4389.6,0.3432,0.5568,-0.22,0.94,41.2,⏸️ WAIT,確信度不足
5471.T,2313.0,2487.7,2225.6,0.3432,0.5618,1.71,1.02,24.3,⏸️ WAIT,確信度不足
3397.T,4257.0,4410.7,4180.1,0.3431,0.5569,-0.54,0.75,15.4,⏸️ WAIT,確信度不足
5991.T,3301.0,3510.4,3196.3,0.3431,0.5581,1.23,1.29,20.9,⏸️ WAIT,確信度不足
7911.T,4725.0,5095.1,4539.9,0.3431,0.564,1.25,1.5,75.3,⏸️ WAIT,確信度不足
4061.T,3286.0,3485.7,3186.1,0.343,0.5607,1.11,1.07,22.7,⏸️ WAIT,確信度不足
6703.T,2573.0,2773.7,2472.6,0.343,0.5406,1.65,0.97,14.0,⏸️ WAIT,確信度不足
4502.T,5666.0,5877.6,5560.2,0.3428,0.5531,-0.31,1.11,217.3,⏸️ WAIT,確信度不足
3092.T,1114.0,1157.3,1092.4,0.3426,0.5561,0.09,1.22,29.3,⏸️ WAIT,確信度不足
4733.T,8107.0,8514.3,7903.4,0.3426,0.5483,-0.07,1.65,14.5,⏸️ WAIT,確信度不足
6723.T,3192.0,3500.1,3037.9,0.3426,0.5594,1.56,1.02,326.9,⏸️ WAIT,確信度不足
8088.T,2118.5,2229.9,2062.8,0.3426,0.551,0.4,0.91,16.8,⏸️ WAIT,確信度不足
9007.T,1805.5,1853.5,1781.5,0.3424,0.5526,-0.03,1.31,23.9,⏸️ WAIT,確信度不足
4816.T,3045.0,3215.4,2959.8,0.3423,0.5554,-0.31,0.96,12.7,⏸️ WAIT,確信度不足
6504.T,12650.0,13548.6,12200.7,0.3423,0.5662,1.38,0.96,87.4,⏸️ WAIT,確信度不足
1803.T,2360.0,2498.9,2290.6,0.3421,0.5478,0.65,1.08,99.1,⏸️ WAIT,確信度不足
4568.T,2772.0,2909.9,2703.1,0.3421,0.5518,-0.38,1.25,146.1,⏸️ WAIT,確信度不足
6366.T,693.0,741.6,668.7,0.342,0.559,1.19,1.18,12.2,⏸️ WAIT,確信度不足
6976.T,9209.0,10384.9,8621.1,0.3419,0.5678,2.22,1.06,2770.5,⏸️ WAIT,確信度不足
1969.T,4395.0,4592.1,4296.4,0.3416,0.5648,0.95,0.95,25.2,⏸️ WAIT,確信度不足
7867.T,3639.0,3816.3,3550.4,0.3415,0.5503,0.17,1.97,21.8,⏸️ WAIT,確信度不足
9401.T,5685.0,5895.9,5579.6,0.3415,0.5537,0.27,1.26,14.6,⏸️ WAIT,確信度不足
6632.T,967.2999877929688,1014.2,943.8,0.3414,0.5467,0.6,0.98,14.0,⏸️ WAIT,確信度不足
6758.T,3632.0,3815.7,3540.1,0.3411,0.5561,0.35,0.97,544.5,⏸️ WAIT,確信度不足
8411.T,8654.0,9098.7,8431.6,0.3411,0.5633,0.46,1.34,704.1,⏸️ WAIT,確信度不足
9433.T,3031.0,3127.6,2982.7,0.3411,0.549,0.0,1.49,232.5,⏸️ WAIT,確信度不足
2433.T,1302.0,1371.6,1267.2,0.341,0.5483,-0.02,1.14,11.8,⏸️ WAIT,確信度不足
6834.T,5090.0,6121.1,4574.4,0.341,0.5592,3.5,0.99,40.5,⏸️ WAIT,確信度不足
9020.T,3493.0,3612.0,3433.5,0.341,0.5594,0.23,1.05,93.1,⏸️ WAIT,確信度不足
3402.T,1237.0,1299.0,1206.0,0.3409,0.5549,0.64,1.13,51.4,⏸️ WAIT,確信度不足
6961.T,9730.0,10848.6,9170.7,0.3407,0.5634,2.42,0.7,11.5,⏸️ WAIT,確信度不足
7267.T,1664.0,1755.1,1618.4,0.3407,0.5516,0.57,1.04,224.0,⏸️ WAIT,確信度不足
8795.T,4929.0,5151.7,4817.6,0.3407,0.5474,0.39,1.06,72.2,⏸️ WAIT,確信度不足
9989.T,3665.0,3761.4,3616.8,0.3407,0.5624,0.12,0.94,17.5,⏸️ WAIT,確信度不足
4021.T,7878.0,8312.4,7660.8,0.3406,0.5595,1.02,1.41,45.0,⏸️ WAIT,確信度不足
4911.T,3404.0,3622.4,3294.8,0.3406,0.551,0.28,1.37,83.2,⏸️ WAIT,確信度不足
7599.T,1203.0,1241.2,1183.9,0.3406,0.5444,0.5,1.03,11.3,⏸️ WAIT,確信度不足
9142.T,3506.0,3609.7,3454.1,0.3405,0.5492,0.03,1.08,24.6,⏸️ WAIT,確信度不足
2914.T,6693.0,6898.0,6590.5,0.3404,0.5546,0.03,1.27,225.9,⏸️ WAIT,確信度不足
8630.T,6774.0,7036.0,6643.0,0.3404,0.5599,0.09,1.21,150.9,⏸️ WAIT,確信度不足
9434.T,246.89999389648438,254.8,242.9,0.3403,0.5687,0.05,1.43,188.8,⏸️ WAIT,確信度不足
9744.T,3310.0,3393.3,3268.4,0.3403,0.5517,0.09,1.24,12.4,⏸️ WAIT,確信度不足
2264.T,1106.0,1157.3,1080.4,0.3402,0.5647,-0.02,1.42,22.5,⏸️ WAIT,確信度不足
8306.T,3661.0,3836.1,3573.4,0.3401,0.5605,0.37,1.33,1411.4,⏸️ WAIT,確信度不足
3687.T,2185.0,2417.3,2068.9,0.34,0.5599,2.0,0.63,20.4,⏸️ WAIT,確信度不足
4385.T,3826.0,4169.3,3654.4,0.34,0.5464,0.48,0.97,77.4,⏸️ WAIT,確信度不足
9202.T,2935.0,3018.1,2893.5,0.34,0.5641,0.37,1.04,72.8,⏸️ WAIT,確信度不足
8725.T,5091.0,5312.6,4980.2,0.3398,0.5588,0.11,1.27,202.6,⏸️ WAIT,確信度不足
9684.T,2881.0,3073.6,2784.7,0.3397,0.5678,0.35,1.12,28.7,⏸️ WAIT,確信度不足
2871.T,2171.0,2245.4,2133.8,0.3396,0.5513,-0.18,1.14,27.2,⏸️ WAIT,確信度不足
3635.T,1644.5,1713.4,1610.0,0.3396,0.5574,0.09,0.97,12.1,⏸️ WAIT,確信度不足
9301.T,1538.5,1585.6,1514.9,0.3396,0.5734,0.12,1.12,12.3,⏸️ WAIT,確信度不足
9412.T,1916.0,2049.4,1849.3,0.3396,0.5584,0.94,0.88,32.5,⏸️ WAIT,確信度不足
1719.T,1862.0,1921.9,1832.0,0.3394,0.5453,0.33,1.22,13.1,⏸️ WAIT,確信度不足
7181.T,1767.5,1848.5,1727.0,0.3394,0.5537,0.29,1.41,34.6,⏸️ WAIT,確信度不足
6027.T,5530.0,6459.3,5065.4,0.3393,0.5603,-1.93,1.68,17.6,⏸️ WAIT,確信度不足
2897.T,2937.5,3041.6,2885.4,0.3391,0.5561,-0.32,1.23,34.1,⏸️ WAIT,確信度不足
5406.T,2021.0,2095.4,1983.8,0.339,0.5602,0.47,1.14,29.5,⏸️ WAIT,確信度不足
6532.T,7337.0,7796.2,7107.4,0.3387,0.5497,-0.03,0.99,75.5,⏸️ WAIT,確信度不足
2607.T,4372.0,4556.9,4279.6,0.3386,0.5571,0.04,1.22,11.1,⏸️ WAIT,確信度不足
4631.T,4612.0,4928.9,4453.6,0.3386,0.5637,1.09,0.88,31.5,⏸️ WAIT,確信度不足
6465.T,5305.0,5489.3,5212.9,0.3386,0.5547,0.03,1.22,20.9,⏸️ WAIT,確信度不足
6472.T,370.1000061035156,392.3,359.0,0.3386,0.5477,1.05,0.97,14.2,⏸️ WAIT,確信度不足
8331.T,2729.0,2877.0,2655.0,0.3386,0.5461,0.55,1.76,94.9,⏸️ WAIT,確信度不足
2875.T,10005.0,10401.3,9806.9,0.3385,0.5485,0.06,0.97,50.3,⏸️ WAIT,確信度不足
6855.T,6490.0,7204.3,6132.9,0.3384,0.5641,2.08,1.03,33.0,⏸️ WAIT,確信度不足
7004.T,1147.0,1210.3,1115.4,0.3383,0.5642,1.16,0.92,14.0,⏸️ WAIT,確信度不足
9064.T,1981.0,2056.3,1943.4,0.3383,0.5658,0.14,1.31,21.5,⏸️ WAIT,確信度不足
6951.T,6855.0,7362.4,6601.3,0.3382,0.5685,1.12,0.87,23.9,⏸️ WAIT,確信度不足
4062.T,19560.0,22311.4,18184.3,0.3381,0.5724,1.91,0.91,1943.7,⏸️ WAIT,確信度不足
5201.T,5537.0,5793.3,5408.9,0.3381,0.5616,0.94,1.18,64.6,⏸️ WAIT,確信度不足
5711.T,5022.0,5641.6,4712.2,0.3381,0.5604,1.5,1.1,96.1,⏸️ WAIT,確信度不足
5801.T,3981.0,4495.7,3723.6,0.338,0.5726,1.94,0.99,936.1,⏸️ WAIT,確信度不足
7282.T,5149.0,5447.6,4999.7,0.338,0.5405,1.12,1.19,33.5,⏸️ WAIT,確信度不足
7762.T,2210.0,2436.9,2096.6,0.3379,0.5456,1.67,1.04,45.8,⏸️ WAIT,確信度不足
3994.T,5941.0,6640.1,5591.4,0.3377,0.574,0.54,0.8,28.6,⏸️ WAIT,確信度不足
2501.T,1838.0,1907.9,1803.1,0.3376,0.5637,-0.11,1.14,19.0,⏸️ WAIT,確信度不足
4626.T,4720.0,4761.9,4699.1,0.3375,0.5687,0.2,1.5,14.2,⏸️ WAIT,確信度不足
6361.T,4247.0,4578.3,4081.4,0.3375,0.5636,1.13,1.24,124.5,⏸️ WAIT,確信度不足
6971.T,3551.0,3735.3,3458.9,0.3375,0.5607,0.7,1.51,179.6,⏸️ WAIT,確信度不足
7270.T,2619.5,2739.6,2559.4,0.3374,0.5488,0.52,1.17,110.3,⏸️ WAIT,確信度不足
8015.T,7553.0,8033.3,7312.9,0.3374,0.5533,0.8,1.25,188.3,⏸️ WAIT,確信度不足
9041.T,3517.0,3607.1,3471.9,0.3374,0.5615,-0.03,1.32,20.7,⏸️ WAIT,確信度不足
4369.T,2922.0,3185.7,2790.1,0.3373,0.5689,1.44,1.14,12.7,⏸️ WAIT,確信度不足
5857.T,3555.0,3883.6,3390.7,0.3372,0.5668,1.29,1.01,19.7,⏸️ WAIT,確信度不足
5334.T,7205.0,7749.9,6932.6,0.3371,0.5489,1.16,0.93,115.4,⏸️ WAIT,確信度不足
1332.T,1170.0,1213.9,1148.1,0.337,0.5503,-0.21,0.92,22.9,⏸️ WAIT,確信度不足
6586.T,5256.0,5472.9,5147.6,0.337,0.5601,0.59,1.6,31.7,⏸️ WAIT,確信度不足
4307.T,4901.0,5206.4,4748.3,0.3368,0.5497,0.07,0.92,115.9,⏸️ WAIT,確信度不足
5301.T,1987.5,2158.7,1901.9,0.3367,0.5618,0.98,1.19,48.7,⏸️ WAIT,確信度不足
2768.T,5739.0,6048.4,5584.3,0.3365,0.5667,0.57,1.05,68.9,⏸️ WAIT,確信度不足
9107.T,3397.0,3622.0,3284.5,0.3365,0.5633,-0.16,1.3,137.8,⏸️ WAIT,確信度不足
1515.T,3340.0,3852.1,3083.9,0.3364,0.5614,1.97,1.27,23.4,⏸️ WAIT,確信度不足
4722.T,2420.0,2434.9,2412.6,0.3364,0.5366,-0.0,1.49,15.7,⏸️ WAIT,確信度不足
5803.T,4982.0,5578.0,4684.0,0.3363,0.5672,2.01,1.02,1973.5,⏸️ WAIT,確信度不足
6869.T,1786.5,1884.8,1737.4,0.3363,0.5668,0.01,1.07,51.0,⏸️ WAIT,確信度不足
4527.T,2788.0,2920.3,2721.9,0.3362,0.5414,-0.21,1.04,24.5,⏸️ WAIT,確信度不足
6674.T,4962.0,5306.6,4789.7,0.3362,0.563,1.43,0.88,35.3,⏸️ WAIT,確信度不足
7189.T,4866.0,5138.1,4729.9,0.3362,0.5605,0.53,1.33,18.0,⏸️ WAIT,確信度不足
7532.T,726.0999755859375,768.2,705.1,0.336,0.5715,0.85,1.25,133.5,⏸️ WAIT,確信度不足
9104.T,7046.0,7495.3,6821.4,0.336,0.5722,-0.25,1.37,191.4,⏸️ WAIT,確信度不足
4186.T,8054.0,8703.0,7729.5,0.3359,0.5633,1.45,1.32,55.9,⏸️ WAIT,確信度不足
6779.T,2844.0,3222.4,2654.8,0.3359,0.5708,2.06,1.26,41.9,⏸️ WAIT,確信度不足
5344.T,54460.0,59334.3,52022.9,0.3355,0.5694,2.02,0.66,66.5,⏸️ WAIT,確信度不足
4204.T,2473.5,2553.9,2433.3,0.3354,0.5552,0.38,1.23,36.0,⏸️ WAIT,確信度不足
4082.T,2407.0,2839.9,2190.6,0.3352,0.5582,2.08,0.56,14.9,⏸️ WAIT,確信度不足
3197.T,3301.0,3446.4,3228.3,0.3351,0.5746,-0.33,0.93,32.6,⏸️ WAIT,確信度不足
4922.T,5575.0,5829.3,5447.9,0.3351,0.5609,-0.17,1.2,16.2,⏸️ WAIT,確信度不足
5016.T,3695.0,4051.1,3516.9,0.3351,0.5662,1.54,0.76,806.5,⏸️ WAIT,確信度不足
2181.T,284.1000061035156,297.5,277.4,0.3349,0.5462,0.28,0.91,32.4,⏸️ WAIT,確信度不足
8050.T,8920.0,10208.6,8275.7,0.3349,0.5444,1.69,1.14,70.8,⏸️ WAIT,確信度不足
2269.T,4257.0,4438.9,4166.1,0.3348,0.5402,-0.15,1.08,42.5,⏸️ WAIT,確信度不足
4403.T,2599.0,2701.9,2547.6,0.3348,0.564,0.34,0.76,28.4,⏸️ WAIT,確信度不足
6762.T,2808.5,3033.6,2696.0,0.3348,0.5594,1.53,1.11,311.4,⏸️ WAIT,確信度不足
7731.T,1702.5,1812.6,1647.5,0.3348,0.5429,0.56,1.06,32.6,⏸️ WAIT,確信度不足
4680.T,1173.5,1277.6,1121.4,0.3347,0.5587,0.44,0.82,34.5,⏸️ WAIT,確信度不足
6273.T,68160.0,72794.3,65842.9,0.3345,0.5702,1.16,1.23,168.2,⏸️ WAIT,確信度不足
8604.T,1664.5,1746.0,1623.8,0.3345,0.5547,0.6,1.11,133.7,⏸️ WAIT,確信度不足
8802.T,3602.0,3764.0,3521.0,0.3345,0.5483,0.32,1.07,115.5,⏸️ WAIT,確信度不足
4565.T,1204.0,1312.0,1150.0,0.3344,0.5769,-0.59,0.95,19.5,⏸️ WAIT,確信度不足
6923.T,3461.0,3616.6,3383.2,0.3344,0.5413,0.71,0.85,16.3,⏸️ WAIT,確信度不足
7013.T,2665.0,2900.9,2547.0,0.3344,0.5698,1.18,0.9,369.4,⏸️ WAIT,確信度不足
7956.T,1912.5,2002.7,1867.4,0.3343,0.5325,0.33,0.99,20.7,⏸️ WAIT,確信度不足
7649.T,1264.0,1320.5,1235.8,0.3342,0.5778,0.09,1.18,36.0,⏸️ WAIT,確信度不足
1414.T,1241.0,1273.6,1224.7,0.3339,0.5587,0.07,0.97,13.1,⏸️ WAIT,確信度不足
1928.T,3361.0,3458.9,3312.1,0.3339,0.5682,0.17,1.1,97.2,⏸️ WAIT,確信度不足
2222.T,2543.5,2681.9,2474.3,0.3338,0.5439,-0.17,0.6,31.2,⏸️ WAIT,確信度不足
6432.T,7160.0,7603.3,6938.4,0.3338,0.5426,1.11,0.97,17.5,⏸️ WAIT,確信度不足
7186.T,1899.0,1998.9,1849.1,0.3337,0.5512,0.39,1.37,77.9,⏸️ WAIT,確信度不足
7220.T,2713.0,3026.1,2556.4,0.3336,0.5639,1.64,0.67,27.3,⏸️ WAIT,確信度不足
9005.T,1672.0,1715.4,1650.3,0.3336,0.5673,-0.15,1.03,42.4,⏸️ WAIT,確信度不足
1801.T,12470.0,13277.1,12066.4,0.3335,0.5645,0.58,1.05,108.2,⏸️ WAIT,確信度不足
3941.T,1500.5,1567.1,1467.2,0.3335,0.5663,0.53,1.13,12.5,⏸️ WAIT,確信度不足
7276.T,2599.0,2703.6,2546.7,0.3335,0.5383,0.72,1.19,19.9,⏸️ WAIT,確信度不足
8601.T,1842.0,1924.6,1800.7,0.3335,0.5488,0.51,1.08,70.3,⏸️ WAIT,確信度不足
9042.T,4617.0,4766.0,4542.5,0.3335,0.5704,0.01,1.29,27.5,⏸️ WAIT,確信度不足
7272.T,1731.5,1850.6,1671.9,0.3334,0.5428,0.64,1.07,118.4,⏸️ WAIT,確信度不足
3498.T,7130.0,7634.5,6877.7,0.3333,0.5651,0.6,1.21,13.8,⏸️ WAIT,確信度不足
4042.T,2566.0,2667.4,2515.3,0.3333,0.5507,0.6,1.08,25.7,⏸️ WAIT,確信度不足
4689.T,544.4000244140625,574.5,529.3,0.3333,0.5672,0.22,1.3,86.5,⏸️ WAIT,確信度不足
7752.T,1579.0,1654.3,1541.4,0.3333,0.545,0.35,1.08,31.4,⏸️ WAIT,確信度不足
5714.T,8885.0,9729.1,8462.9,0.3331,0.5709,1.34,1.08,41.3,⏸️ WAIT,確信度不足
8804.T,3288.0,3403.3,3230.4,0.3331,0.5581,0.26,1.42,26.4,⏸️ WAIT,確信度不足
2212.T,3867.0,4027.9,3786.6,0.3328,0.5702,-0.46,0.95,23.2,⏸️ WAIT,確信度不足
6058.T,1880.0,2076.7,1781.6,0.3328,0.561,0.89,0.95,10.8,⏸️ WAIT,確信度不足
4732.T,1916.5,1972.0,1888.8,0.3327,0.5533,0.11,1.28,23.8,⏸️ WAIT,確信度不足
5805.T,13600.0,15092.9,12853.6,0.3327,0.5696,1.72,1.0,39.2,⏸️ WAIT,確信度不足
7211.T,368.0,396.3,353.9,0.3327,0.5522,1.03,0.77,37.9,⏸️ WAIT,確信度不足
3405.T,1766.5,1852.2,1723.6,0.3325,0.5404,0.19,1.07,23.3,⏸️ WAIT,確信度不足
4661.T,3085.0,3226.3,3014.4,0.3325,0.579,0.07,1.0,177.0,⏸️ WAIT,確信度不足
8060.T,3658.0,3819.3,3577.4,0.3325,0.5529,0.2,1.45,10.4,⏸️ WAIT,確信度不足
4751.T,1231.5,1292.4,1201.1,0.3324,0.5433,0.4,0.98,62.2,⏸️ WAIT,確信度不足
2282.T,6247.0,6473.0,6134.0,0.3323,0.5635,-0.1,1.29,38.4,⏸️ WAIT,確信度不足
3350.T,249.0,304.6,221.2,0.3323,0.5513,1.74,0.48,66.6,⏸️ WAIT,確信度不足
2782.T,4660.0,4942.1,4518.9,0.3322,0.5762,0.4,1.06,21.4,⏸️ WAIT,確信度不足
7201.T,311.70001220703125,332.6,301.2,0.3322,0.5583,1.13,0.95,116.6,⏸️ WAIT,確信度不足
7581.T,6740.0,7201.1,6509.4,0.3322,0.5658,0.28,0.89,35.6,⏸️ WAIT,確信度不足
7826.T,10330.0,11617.1,9686.4,0.3321,0.5708,2.17,0.84,79.2,⏸️ WAIT,確信度不足
7988.T,4899.0,5119.9,4788.6,0.3321,0.5632,0.47,0.9,13.6,⏸️ WAIT,確信度不足
9983.T,66480.0,69694.8,64872.6,0.3321,0.5593,0.35,1.22,816.4,⏸️ WAIT,確信度不足
2267.T,2816.0,2908.3,2769.9,0.332,0.5696,-0.15,0.93,28.2,⏸️ WAIT,確信度不足
3186.T,2915.0,3126.6,2809.2,0.332,0.5438,1.27,1.01,19.1,⏸️ WAIT,確信度不足
5110.T,1996.5,2121.3,1934.1,0.332,0.5509,0.72,0.73,55.5,⏸️ WAIT,確信度不足
4902.T,595.4000244140625,641.3,572.4,0.3319,0.5503,0.65,0.8,31.7,⏸️ WAIT,確信度不足
7701.T,3742.0,3890.0,3668.0,0.3319,0.5644,0.59,1.25,43.0,⏸️ WAIT,確信度不足
6857.T,31720.0,35311.4,29924.3,0.3318,0.5709,1.59,1.1,3366.7,⏸️ WAIT,確信度不足
5105.T,3693.0,3903.1,3587.9,0.3317,0.567,1.08,1.25,87.4,⏸️ WAIT,確信度不足
5108.T,3777.0,3920.6,3705.2,0.3317,0.5479,0.24,1.3,158.7,⏸️ WAIT,確信度不足
8233.T,2099.5,2227.8,2035.3,0.3317,0.5555,0.25,1.01,46.0,⏸️ WAIT,確信度不足
9861.T,3790.0,3926.3,3721.8,0.3317,0.5493,-0.05,1.15,11.4,⏸️ WAIT,確信度不足
7936.T,3989.0,4300.1,3833.4,0.3316,0.5762,0.47,0.7,291.4,⏸️ WAIT,確信度不足
5019.T,1648.0,1746.6,1598.7,0.3315,0.573,0.21,1.13,106.0,⏸️ WAIT,確信度不足
7182.T,3290.0,3476.0,3197.0,0.3315,0.5608,0.33,1.35,166.9,⏸️ WAIT,確信度不足
7741.T,22690.0,23836.4,22116.8,0.3314,0.5632,0.47,1.01,276.7,⏸️ WAIT,確信度不足
6862.T,4310.0,4892.1,4018.9,0.3313,0.5784,2.02,0.87,15.2,⏸️ WAIT,確信度不足
6508.T,10320.0,11400.0,9780.0,0.3312,0.5638,1.77,0.9,24.2,⏸️ WAIT,確信度不足
4461.T,12480.0,14154.3,11642.9,0.3311,0.5711,2.44,0.74,26.6,⏸️ WAIT,確信度不足
3088.T,2473.5,2580.6,2420.0,0.331,0.553,-0.06,1.23,40.2,⏸️ WAIT,確信度不足
1802.T,3012.0,3145.1,2945.4,0.3309,0.5661,0.42,1.19,85.7,⏸️ WAIT,確信度不足
3116.T,2243.5,2343.4,2193.5,0.3309,0.5513,0.63,1.12,14.0,⏸️ WAIT,確信度不足
4373.T,1107.0,1185.0,1068.0,0.3308,0.5595,0.42,0.88,16.8,⏸️ WAIT,確信度不足
2175.T,2583.0,2731.6,2508.7,0.3307,0.5509,0.3,0.98,11.5,⏸️ WAIT,確信度不足
4613.T,2812.5,2891.4,2773.0,0.3307,0.5752,0.32,1.2,23.7,⏸️ WAIT,確信度不足
8593.T,1382.0,1418.1,1364.0,0.3307,0.5564,0.07,1.05,51.2,⏸️ WAIT,確信度不足
5713.T,9484.0,10673.1,8889.4,0.3306,0.5657,1.76,1.34,266.7,⏸️ WAIT,確信度不足
6724.T,3050.0,3226.8,2961.6,0.3306,0.5524,0.71,1.18,47.2,⏸️ WAIT,確信度不足
2002.T,2039.5,2103.6,2007.5,0.3305,0.5661,-0.29,1.26,20.8,⏸️ WAIT,確信度不足
5444.T,12250.0,12813.6,11968.2,0.3305,0.5534,0.26,1.24,14.1,⏸️ WAIT,確信度不足
5726.T,2510.0,2748.6,2390.7,0.3305,0.5772,0.85,0.69,20.5,⏸️ WAIT,確信度不足
2809.T,4545.0,4711.1,4461.9,0.3304,0.5587,-0.23,1.17,13.6,⏸️ WAIT,確信度不足
8111.T,2090.0,2161.7,2054.1,0.3304,0.571,0.1,0.93,10.9,⏸️ WAIT,確信度不足
5202.T,495.0,498.1,493.4,0.3303,0.5714,0.06,0.21,13.2,⏸️ WAIT,確信度不足
8031.T,5060.0,5321.4,4929.3,0.3303,0.5564,0.08,1.32,301.3,⏸️ WAIT,確信度不足
4151.T,2191.5,2353.1,2110.7,0.3302,0.558,0.61,0.92,44.7,⏸️ WAIT,確信度不足
4202.T,1393.0,1449.8,1364.6,0.3302,0.5599,0.64,1.06,10.5,⏸️ WAIT,確信度不足
7202.T,2190.0,2302.7,2133.6,0.3302,0.5595,0.87,0.98,60.4,⏸️ WAIT,確信度不足
7278.T,5810.0,5987.1,5721.4,0.3301,0.5514,0.41,1.11,18.6,⏸️ WAIT,確信度不足
4443.T,1961.0,2162.7,1860.1,0.3299,0.5546,0.35,0.59,24.7,⏸️ WAIT,確信度不足
7906.T,2385.0,2555.9,2299.6,0.3299,0.5725,0.11,0.68,12.4,⏸️ WAIT,確信度不足
9009.T,1382.5,1433.3,1357.1,0.3299,0.5699,0.12,1.24,26.6,⏸️ WAIT,確信度不足
7259.T,2230.5,2334.7,2178.4,0.3298,0.5537,0.66,1.03,68.9,⏸️ WAIT,確信度不足
7912.T,3029.0,3164.9,2961.1,0.3298,0.5732,0.51,1.3,39.4,⏸️ WAIT,確信度不足
6471.T,1043.5,1098.8,1015.9,0.3297,0.5519,1.11,1.07,31.7,⏸️ WAIT,確信度不足
9147.T,5402.0,5672.3,5266.9,0.3295,0.5517,0.48,1.2,53.7,⏸️ WAIT,確信度不足
2432.T,2496.0,2618.8,2434.6,0.3294,0.56,0.18,0.97,27.6,⏸️ WAIT,確信度不足
5411.T,1820.0,1916.1,1771.9,0.3294,0.5606,0.54,1.04,92.5,⏸️ WAIT,確信度不足
7453.T,4005.0,4250.6,3882.2,0.3292,0.5538,0.45,1.31,122.7,⏸️ WAIT,確信度不足
9201.T,2964.0,3061.0,2915.5,0.3291,0.5724,0.41,1.25,55.9,⏸️ WAIT,確信度不足
9513.T,4166.0,4362.4,4067.8,0.3291,0.5574,0.18,1.81,22.1,⏸️ WAIT,確信度不足
8058.T,5005.0,5274.7,4870.1,0.3288,0.5665,0.28,1.23,396.8,⏸️ WAIT,確信度不足
2801.T,1671.0,1747.1,1632.9,0.3287,0.5544,-0.31,1.2,67.9,⏸️ WAIT,確信度不足
2127.T,627.9000244140625,656.2,613.8,0.3286,0.5663,0.33,1.21,34.1,⏸️ WAIT,確信度不足
6920.T,34570.0,38295.7,32707.1,0.3286,0.5765,1.51,0.79,1356.2,⏸️ WAIT,確信度不足
7261.T,1140.0,1211.9,1104.0,0.3286,0.5527,0.8,0.72,90.0,⏸️ WAIT,確信度不足
6814.T,7100.0,7625.0,6837.5,0.3285,0.5644,1.08,0.94,18.8,⏸️ WAIT,確信度不足
6988.T,3205.0,3400.7,3107.1,0.3285,0.5505,0.56,1.1,107.4,⏸️ WAIT,確信度不足
6473.T,2013.5,2162.5,1939.0,0.3282,0.5506,0.78,0.99,29.4,⏸️ WAIT,確信度不足
3064.T,1906.5,2003.0,1858.2,0.3281,0.5688,0.14,0.87,37.4,⏸️ WAIT,確信度不足
9501.T,540.9000244140625,588.4,517.2,0.328,0.5598,0.73,0.92,217.4,⏸️ WAIT,確信度不足
9531.T,6275.0,6558.7,6133.1,0.328,0.5618,0.07,1.11,57.7,⏸️ WAIT,確信度不足
6770.T,2216.0,2361.4,2143.3,0.3279,0.5556,0.87,0.94,44.6,⏸️ WAIT,確信度不足
8002.T,5049.0,5325.4,4910.8,0.3279,0.5623,0.23,1.3,219.8,⏸️ WAIT,確信度不足
9404.T,2951.5,3066.6,2893.9,0.3279,0.5576,0.09,1.13,11.8,⏸️ WAIT,確信度不足
9507.T,2174.5,2326.4,2098.6,0.3279,0.5711,0.56,1.35,26.1,⏸️ WAIT,確信度不足
1808.T,2719.5,2829.1,2664.7,0.3278,0.5567,0.24,1.13,27.5,⏸️ WAIT,確信度不足
6330.T,2736.0,3179.4,2514.3,0.3278,0.5724,1.27,1.02,258.9,⏸️ WAIT,確信度不足
8439.T,2658.0,2781.7,2596.1,0.3278,0.5578,0.28,1.07,14.5,⏸️ WAIT,確信度不足
6098.T,15500.0,16730.7,14884.6,0.3276,0.5589,1.05,1.11,681.8,⏸️ WAIT,確信度不足
7203.T,3031.0,3176.6,2958.2,0.3276,0.5566,0.67,1.19,686.2,⏸️ WAIT,確信度不足
3003.T,1740.5,1793.3,1714.1,0.3275,0.5718,0.09,1.24,30.4,⏸️ WAIT,確信度不足
7269.T,2047.0,2168.2,1986.4,0.3275,0.5669,0.79,1.21,123.5,⏸️ WAIT,確信度不足
8801.T,1491.0,1553.8,1459.6,0.3275,0.5648,0.17,1.37,133.0,⏸️ WAIT,確信度不足
8766.T,7970.0,8336.6,7786.7,0.3274,0.554,0.28,1.27,395.0,⏸️ WAIT,確信度不足
5020.T,1441.0,1520.7,1401.1,0.3272,0.5744,0.48,1.27,155.0,⏸️ WAIT,確信度不足
3697.T,834.5,913.6,794.9,0.3271,0.565,-0.06,0.81,43.0,⏸️ WAIT,確信度不足
6448.T,4363.0,4624.4,4232.3,0.3271,0.5491,0.44,1.17,49.0,⏸️ WAIT,確信度不足
8035.T,51460.0,56212.9,49083.6,0.3269,0.5707,1.28,1.21,1701.0,⏸️ WAIT,確信度不足
4023.T,4325.0,4521.4,4226.8,0.3267,0.5619,0.21,0.85,10.5,⏸️ WAIT,確信度不足
8750.T,1883.0,1969.7,1839.6,0.3266,0.555,0.35,1.29,140.6,⏸️ WAIT,確信度不足
3626.T,3882.0,4082.4,3781.8,0.3263,0.5616,0.09,1.11,32.9,⏸️ WAIT,確信度不足
6305.T,5633.0,6000.0,5449.5,0.3263,0.5589,0.29,1.05,67.4,⏸️ WAIT,確信度不足
3231.T,902.0,924.6,890.7,0.3262,0.558,0.23,1.52,31.5,⏸️ WAIT,確信度不足
6523.T,1224.0,1330.4,1170.8,0.3261,0.5548,0.57,0.91,10.9,⏸️ WAIT,確信度不足
9101.T,7262.0,7712.0,7037.0,0.326,0.5745,0.02,1.04,193.5,⏸️ WAIT,確信度不足
5985.T,2120.0,2426.9,1966.6,0.3259,0.5725,1.46,0.78,15.0,⏸️ WAIT,確信度不足
8053.T,1822.0,1928.0,1769.0,0.3259,0.5685,0.67,1.23,196.0,⏸️ WAIT,確信度不足
1925.T,4598.0,4727.0,4533.5,0.3258,0.5583,-0.1,1.18,74.9,⏸️ WAIT,確信度不足
6302.T,5526.0,5959.7,5309.1,0.3258,0.5741,1.43,1.25,39.8,⏸️ WAIT,確信度不足
6594.T,2691.0,2909.6,2581.7,0.3257,0.5795,1.7,0.7,153.2,⏸️ WAIT,確信度不足
9502.T,2992.0,3175.3,2900.4,0.3257,0.5784,0.68,1.65,74.9,⏸️ WAIT,確信度不足
9506.T,1417.5,1489.4,1381.6,0.3257,0.5774,0.33,1.1,66.3,⏸️ WAIT,確信度不足
1662.T,1921.0,2035.3,1863.9,0.3255,0.5587,-0.01,1.46,30.0,⏸️ WAIT,確信度不足
6258.T,3450.0,3730.0,3310.0,0.3255,0.5806,1.41,0.83,12.1,⏸️ WAIT,確信度不足
9508.T,2179.5,2328.4,2105.0,0.3255,0.5676,0.43,1.57,40.6,⏸️ WAIT,確信度不足
4684.T,4893.0,5158.4,4760.3,0.3254,0.5682,-0.02,0.98,94.0,⏸️ WAIT,確信度不足
3401.T,1649.5,1735.1,1606.7,0.3253,0.5607,0.26,1.17,10.8,⏸️ WAIT,確信度不足
6203.T,2844.0,3241.7,2645.1,0.3252,0.5809,1.36,0.93,415.7,⏸️ WAIT,確信度不足
6952.T,2004.5,2191.5,1911.0,0.3252,0.5563,1.1,0.84,41.0,⏸️ WAIT,確信度不足
9532.T,6039.0,6304.6,5906.2,0.3252,0.5675,-0.07,1.34,60.1,⏸️ WAIT,確信度不足
3563.T,5171.0,5651.3,4930.9,0.3251,0.5507,0.17,0.79,152.6,⏸️ WAIT,確信度不足
3774.T,3340.0,3506.0,3257.0,0.3251,0.5642,0.17,1.17,14.2,⏸️ WAIT,確信度不足
8309.T,1767.0,1851.3,1724.9,0.3251,0.5603,0.41,1.24,140.1,⏸️ WAIT,確信度不足
8628.T,1181.0,1237.3,1152.9,0.3251,0.5491,0.19,0.87,10.3,⏸️ WAIT,確信度不足
3086.T,2607.0,2773.1,2523.9,0.325,0.5683,0.27,0.9,35.6,⏸️ WAIT,確信度不足
4440.T,2624.0,3298.0,2287.0,0.325,0.5588,-1.85,1.51,84.6,⏸️ WAIT,確信度不足
5401.T,686.4000244140625,721.3,669.0,0.3247,0.5649,0.12,0.67,243.0,⏸️ WAIT,確信度不足
7751.T,4380.0,4536.4,4301.8,0.3247,0.5565,0.09,0.95,147.9,⏸️ WAIT,確信度不足
8227.T,3171.0,3283.1,3114.9,0.3247,0.5796,-0.14,1.05,20.8,⏸️ WAIT,確信度不足
9509.T,1114.5,1179.8,1081.9,0.3247,0.5685,0.69,1.15,20.1,⏸️ WAIT,確信度不足
1860.T,1472.0,1528.9,1443.5,0.3245,0.566,0.27,1.07,11.9,⏸️ WAIT,確信度不足
4203.T,7588.0,8176.7,7293.6,0.3244,0.5783,1.32,1.06,66.2,⏸️ WAIT,確信度不足
9504.T,1084.5,1145.4,1054.0,0.3244,0.5707,0.33,1.0,22.9,⏸️ WAIT,確信度不足
9697.T,4240.0,4518.6,4100.7,0.3243,0.5762,0.29,0.59,153.6,⏸️ WAIT,確信度不足
9008.T,794.2999877929688,817.4,782.8,0.3242,0.5773,-0.13,1.46,13.8,⏸️ WAIT,確信度不足
4667.T,3635.0,4626.9,3139.1,0.324,0.5606,-1.4,1.36,63.0,⏸️ WAIT,確信度不足
8570.T,1636.0,1705.9,1601.1,0.3237,0.5736,0.05,1.33,10.3,⏸️ WAIT,確信度不足
9503.T,2964.5,3152.9,2870.3,0.3236,0.564,0.64,1.16,118.7,⏸️ WAIT,確信度不足
8001.T,2294.0,2400.5,2240.8,0.3234,0.5805,0.14,1.08,422.7,⏸️ WAIT,確信度不足
8918.T,10.0,12.0,9.0,0.3234,0.5661,-0.18,0.87,33.8,⏸️ WAIT,確信度不足
4507.T,2827.0,2939.9,2770.6,0.3233,0.5597,-0.1,1.17,82.7,⏸️ WAIT,確信度不足
4183.T,2097.0,2237.1,2027.0,0.3232,0.5655,0.8,1.01,44.6,⏸️ WAIT,確信度不足
8830.T,3211.0,3361.0,3136.0,0.323,0.577,0.34,0.89,108.1,⏸️ WAIT,確信度不足
9143.T,1475.5,1528.4,1449.0,0.323,0.5783,0.19,0.93,21.1,⏸️ WAIT,確信度不足
9602.T,1613.0,1686.4,1576.3,0.323,0.5818,-0.08,0.97,43.1,⏸️ WAIT,確信度不足
4205.T,2326.0,2458.7,2259.6,0.3229,0.5673,0.82,1.02,20.1,⏸️ WAIT,確信度不足
8316.T,6911.0,7240.0,6746.5,0.3229,0.5614,0.4,1.31,766.4,⏸️ WAIT,確信度不足
6326.T,2783.0,2971.8,2688.6,0.3226,0.5633,0.77,1.14,125.1,⏸️ WAIT,確信度不足
1878.T,3298.0,3405.3,3244.4,0.3221,0.5725,-0.01,1.22,41.7,⏸️ WAIT,確信度不足
4188.T,1156.5,1239.6,1115.0,0.3218,0.553,0.55,1.18,56.4,⏸️ WAIT,確信度不足
6178.T,2469.0,2596.3,2405.4,0.3218,0.5581,0.41,1.15,93.5,⏸️ WAIT,確信度不足
5021.T,4523.0,4747.3,4410.9,0.3217,0.5825,0.21,0.99,28.8,⏸️ WAIT,確信度不足
8473.T,3262.0,3463.0,3161.5,0.3217,0.5775,0.98,0.81,117.6,⏸️ WAIT,確信度不足
8591.T,6089.0,6380.0,5943.5,0.3217,0.5607,0.43,1.12,190.3,⏸️ WAIT,確信度不足
9022.T,3797.0,3948.3,3721.4,0.3216,0.5646,-0.15,1.04,83.4,⏸️ WAIT,確信度不足
7550.T,11235.0,11955.7,10874.6,0.3213,0.5572,-0.07,1.08,57.0,⏸️ WAIT,確信度不足
9432.T,175.6999969482422,182.1,172.5,0.3204,0.5596,-0.01,1.0,360.5,⏸️ WAIT,確信度不足
8267.T,1332.5,1396.8,1300.4,0.3203,0.5661,0.06,1.37,141.9,⏸️ WAIT,確信度不足
4088.T,2990.0,3225.9,2872.1,0.3199,0.5708,0.54,0.47,55.7,⏸️ WAIT,確信度不足
3289.T,1285.5,1329.6,1263.5,0.3193,0.5761,0.19,0.98,35.5,⏸️ WAIT,確信度不足
9006.T,1560.5,1601.3,1540.1,0.3193,0.5693,-0.08,1.02,11.6,⏸️ WAIT,確信度不足
4528.T,2320.0,2422.7,2268.6,0.3191,0.5537,-0.16,1.25,31.1,⏸️ WAIT,確信度不足
6146.T,51980.0,57032.9,49453.6,0.3189,0.5823,1.41,1.01,765.5,⏸️ WAIT,確信度不足
3391.T,2245.0,2361.9,2186.5,0.3187,0.5757,-0.1,1.02,31.4,⏸️ WAIT,確信度不足
8697.T,2210.5,2306.6,2162.4,0.3186,0.5861,0.61,1.03,71.7,⏸️ WAIT,確信度不足
1605.T,3930.0,4163.4,3813.3,0.3185,0.5638,-0.2,1.51,245.7,⏸️ WAIT,確信度不足
3038.T,2965.5,3173.4,2861.5,0.3184,0.5812,0.11,0.98,91.5,⏸️ WAIT,確信度不足
8252.T,2852.5,2935.6,2810.9,0.3183,0.5852,-0.02,1.24,32.4,⏸️ WAIT,確信度不足
8876.T,2134.0,2230.0,2086.0,0.317,0.5594,-0.1,1.18,11.3,⏸️ WAIT,確信度不足
7564.T,5670.0,6017.1,5496.4,0.3169,0.5787,0.15,0.77,23.3,⏸️ WAIT,確信度不足
3349.T,6501.0,6864.7,6319.1,0.3167,0.5794,-0.19,0.87,29.0,⏸️ WAIT,確信度不足
4005.T,558.5,601.5,537.0,0.3166,0.5635,0.34,1.15,65.0,⏸️ WAIT,確信度不足
4666.T,1950.0,2034.3,1907.9,0.3166,0.5718,0.28,1.02,17.5,⏸️ WAIT,確信度不足
2531.T,2535.0,2693.4,2455.8,0.3138,0.585,0.61,1.35,13.7,⏸️ WAIT,確信度不足
2670.T,2641.0,2737.4,2592.8,0.3131,0.5828,0.06,1.05,13.8,⏸️ WAIT,確信度不足
8729.T,160.60000610351562,168.4,156.7,0.313,0.575,0.11,1.0,77.5,⏸️ WAIT,確信度不足
2593.T,3165.0,3348.2,3073.4,0.3127,0.5768,-0.98,0.99,11.9,⏸️ WAIT,確信度不足
4967.T,5768.0,5956.9,5673.6,0.3113,0.5788,-0.11,0.74,16.1,⏸️ WAIT,確信度不足
2726.T,1481.0,1581.9,1430.6,0.3107,0.591,-0.03,0.8,16.7,⏸️ WAIT,確信度不足
4506.T,1527.0,1651.4,1464.8,0.3105,0.5617,0.18,0.92,58.4,⏸️ WAIT,確信度不足
9843.T,3242.0,3453.1,3136.4,0.3103,0.5805,-0.1,0.83,131.9,⏸️ WAIT,確信度不足
9023.T,1526.5,1565.7,1506.9,0.3097,0.5842,-0.24,1.08,29.1,⏸️ WAIT,確信度不足
3046.T,5630.0,6005.1,5442.5,0.3095,0.5985,0.31,0.69,11.5,⏸️ WAIT,確信度不足
