Date,call_oi_wall,put_oi_wall,gamma_flip,cta_net_futures
2024-01-05,33250.0,33250.0,33250.0,11175.3
2024-01-09,33250.0,33250.0,33250.0,11175.3
2024-01-10,33250.0,33250.0,33250.0,11175.3
2024-01-11,33250.0,33250.0,33250.0,11175.3
2024-01-12,35500.0,35500.0,35500.0,6602.999999999999
2024-01-15,35500.0,35500.0,35500.0,6602.999999999999
2024-01-16,35500.0,35500.0,35500.0,6602.999999999999
2024-01-17,35500.0,35500.0,35500.0,6602.999999999999
2024-01-18,35500.0,35500.0,35500.0,6602.999999999999
2024-01-19,36000.0,36000.0,36000.0,7631.7
2024-01-22,36000.0,36000.0,36000.0,7631.7
2024-01-23,36000.0,36000.0,36000.0,7631.7
2024-01-24,36000.0,36000.0,36000.0,7631.7
2024-01-25,36000.0,36000.0,36000.0,7631.7
2024-01-26,36000.0,36000.0,36000.0,12085.0
2024-01-29,36000.0,36000.0,36000.0,12085.0
2024-01-30,36000.0,36000.0,36000.0,12085.0
2024-01-31,36000.0,36000.0,36000.0,12085.0
2024-02-01,36000.0,36000.0,36000.0,12085.0
2024-02-02,36000.0,36000.0,36000.0,7251.400000000001
2024-02-05,36000.0,36000.0,36000.0,7251.400000000001
2024-02-06,36000.0,36000.0,36000.0,7251.400000000001
2024-02-07,36000.0,36000.0,36000.0,7251.400000000001
2024-02-08,36000.0,36000.0,36000.0,7251.400000000001
2024-02-09,37000.0,36750.0,36875.0,9825.2
2024-02-13,37000.0,36750.0,36875.0,9825.2
2024-02-14,37000.0,36750.0,36875.0,9825.2
2024-02-15,37000.0,36750.0,36875.0,9825.2
2024-02-16,38500.0,38375.0,38437.5,12187.0
2024-02-19,38500.0,38375.0,38437.5,12187.0
2024-02-20,38500.0,38375.0,38437.5,12187.0
2024-02-21,38500.0,38375.0,38437.5,12187.0
2024-02-22,39000.0,39000.0,39000.0,10467.1
2024-02-26,39000.0,39000.0,39000.0,10467.1
2024-02-27,39000.0,39000.0,39000.0,10467.1
2024-02-28,39000.0,39000.0,39000.0,10467.1
2024-02-29,39000.0,39000.0,39000.0,10467.1
2024-03-01,40000.0,40000.0,40000.0,11226.8
2024-03-04,40000.0,40000.0,40000.0,11226.8
2024-03-05,40000.0,40000.0,40000.0,11226.8
2024-03-06,40000.0,40000.0,40000.0,11226.8
2024-03-07,40000.0,40000.0,40000.0,11226.8
2024-03-08,40000.0,40000.0,40000.0,33899.59999999999
2024-03-11,40000.0,40000.0,40000.0,33899.59999999999
2024-03-12,40000.0,40000.0,40000.0,33899.59999999999
2024-03-13,40000.0,40000.0,40000.0,33899.59999999999
2024-03-14,40000.0,40000.0,40000.0,33899.59999999999
2024-03-15,38750.0,39000.0,38875.0,28819.3
2024-03-18,38750.0,39000.0,38875.0,28819.3
2024-03-19,38750.0,39000.0,38875.0,28819.3
2024-03-21,38750.0,39000.0,38875.0,28819.3
2024-03-22,41000.0,40625.0,40812.5,22666.3
2024-03-25,41000.0,40625.0,40812.5,22666.3
2024-03-26,41000.0,40625.0,40812.5,22666.3
2024-03-27,41000.0,40625.0,40812.5,22666.3
2024-03-28,41000.0,40625.0,40812.5,22666.3
2024-03-29,40500.0,40250.0,40375.0,26609.5
2024-04-01,40500.0,40250.0,40375.0,26609.5
2024-04-02,40500.0,40250.0,40375.0,26609.5
2024-04-03,40500.0,40250.0,40375.0,26609.5
2024-04-04,40500.0,40250.0,40375.0,26609.5
2024-04-05,38750.0,39000.0,38875.0,23347.4
2024-04-08,38750.0,39000.0,38875.0,23347.4
2024-04-09,38750.0,39000.0,38875.0,23347.4
2024-04-10,38750.0,39000.0,38875.0,23347.4
2024-04-11,38750.0,39000.0,38875.0,23347.4
2024-04-12,39500.0,39500.0,39500.0,20679.5
2024-04-15,39500.0,39500.0,39500.0,20679.5
2024-04-16,39500.0,39500.0,39500.0,20679.5
2024-04-17,39500.0,39500.0,39500.0,20679.5
2024-04-18,39500.0,39500.0,39500.0,20679.5
2024-04-19,37000.0,37000.0,37000.0,23303.1
2024-04-22,37000.0,37000.0,37000.0,23303.1
2024-04-23,37000.0,37000.0,37000.0,23303.1
2024-04-24,37000.0,37000.0,37000.0,23303.1
2024-04-25,37000.0,37000.0,37000.0,23303.1
2024-04-26,38000.0,38000.0,38000.0,10332.3
2024-04-30,38000.0,38000.0,38000.0,10332.3
2024-05-01,38000.0,38000.0,38000.0,10332.3
2024-05-02,38000.0,38000.0,38000.0,6554.599999999999
2024-05-07,38000.0,38000.0,38000.0,6554.599999999999
2024-05-08,38000.0,38000.0,38000.0,6554.599999999999
2024-05-09,38000.0,38000.0,38000.0,6554.599999999999
2024-05-10,38000.0,38000.0,38000.0,10368.0
2024-05-13,38000.0,38000.0,38000.0,10368.0
2024-05-14,38000.0,38000.0,38000.0,10368.0
2024-05-15,38000.0,38000.0,38000.0,10368.0
2024-05-16,38000.0,38000.0,38000.0,10368.0
2024-05-17,39000.0,39000.0,39000.0,8396.0
2024-05-20,39000.0,39000.0,39000.0,8396.0
2024-05-21,39000.0,39000.0,39000.0,8396.0
2024-05-22,39000.0,39000.0,39000.0,8396.0
2024-05-23,39000.0,39000.0,39000.0,8396.0
2024-05-24,38500.0,38500.0,38500.0,4880.499999999999
2024-05-27,38500.0,38500.0,38500.0,4880.499999999999
2024-05-28,38500.0,38500.0,38500.0,4880.499999999999
2024-05-29,38500.0,38500.0,38500.0,4880.499999999999
2024-05-30,38500.0,38500.0,38500.0,4880.499999999999
2024-05-31,38500.0,38500.0,38500.0,1933.2
2024-06-03,38500.0,38500.0,38500.0,1933.2
2024-06-04,38500.0,38500.0,38500.0,1933.2
2024-06-05,38500.0,38500.0,38500.0,1933.2
2024-06-06,38500.0,38500.0,38500.0,1933.2
2024-06-07,38500.0,38500.0,38500.0,1073.6
2024-06-10,38500.0,38500.0,38500.0,1073.6
2024-06-11,38500.0,38500.0,38500.0,1073.6
2024-06-12,38500.0,38500.0,38500.0,1073.6
2024-06-13,38500.0,38500.0,38500.0,1073.6
2024-06-14,39000.0,39000.0,39000.0,19156.2
2024-06-17,39000.0,39000.0,39000.0,19156.2
2024-06-18,39000.0,39000.0,39000.0,19156.2
2024-06-19,39000.0,39000.0,39000.0,19156.2
2024-06-20,39000.0,39000.0,39000.0,19156.2
2024-06-21,38750.0,38375.0,38562.5,13469.0
2024-06-24,38750.0,38375.0,38562.5,13469.0
2024-06-25,38750.0,38375.0,38562.5,13469.0
2024-06-26,38750.0,38375.0,38562.5,13469.0
2024-06-27,38750.0,38375.0,38562.5,13469.0
2024-06-28,39500.0,39500.0,39500.0,11034.7
2024-07-01,39500.0,39500.0,39500.0,11034.7
2024-07-02,39500.0,39500.0,39500.0,11034.7
2024-07-03,39500.0,39500.0,39500.0,11034.7
2024-07-04,39500.0,39500.0,39500.0,11034.7
2024-07-05,41000.0,40750.0,40875.0,13914.3
2024-07-08,41000.0,40750.0,40875.0,13914.3
2024-07-09,41000.0,40750.0,40875.0,13914.3
2024-07-10,41000.0,40750.0,40875.0,13914.3
2024-07-11,41000.0,40750.0,40875.0,13914.3
2024-07-12,41000.0,41000.0,41000.0,20574.5
2024-07-16,41000.0,41000.0,41000.0,20574.5
2024-07-17,41000.0,41000.0,41000.0,20574.5
2024-07-18,41000.0,41000.0,41000.0,20574.5
2024-07-19,40250.0,40000.0,40125.0,17106.499999999996
2024-07-22,40250.0,40000.0,40125.0,17106.499999999996
2024-07-23,40250.0,40000.0,40125.0,17106.499999999996
2024-07-24,40250.0,40000.0,40125.0,17106.499999999996
2024-07-25,40250.0,40000.0,40125.0,17106.499999999996
2024-07-26,37750.0,37500.0,37625.0,617.9
2024-07-29,37750.0,37500.0,37625.0,617.9
2024-07-30,37750.0,37500.0,37625.0,617.9
2024-07-31,37750.0,37500.0,37625.0,617.9
2024-08-01,37750.0,37500.0,37625.0,617.9
2024-08-02,36000.0,36000.0,36000.0,-5255.2
2024-08-05,36000.0,36000.0,36000.0,-5255.2
2024-08-06,36000.0,36000.0,36000.0,-5255.2
2024-08-07,36000.0,36000.0,36000.0,-5255.2
2024-08-08,36000.0,36000.0,36000.0,-5255.2
2024-08-09,35000.0,35000.0,35000.0,-25724.9
2024-08-13,35000.0,35000.0,35000.0,-25724.9
2024-08-14,35000.0,35000.0,35000.0,-25724.9
2024-08-15,35000.0,35000.0,35000.0,-25724.9
2024-08-16,38000.0,38000.0,38000.0,-30060.0
2024-08-19,38000.0,38000.0,38000.0,-30060.0
2024-08-20,38000.0,38000.0,38000.0,-30060.0
2024-08-21,38000.0,38000.0,38000.0,-30060.0
2024-08-22,38000.0,38000.0,38000.0,-30060.0
2024-08-23,38500.0,38500.0,38500.0,-24212.2
2024-08-26,38500.0,38500.0,38500.0,-24212.2
2024-08-27,38500.0,38500.0,38500.0,-24212.2
2024-08-28,38500.0,38500.0,38500.0,-24212.2
2024-08-29,38500.0,38500.0,38500.0,-24212.2
2024-08-30,38500.0,38500.0,38500.0,-22628.6
2024-09-02,38500.0,38500.0,38500.0,-22628.6
2024-09-03,38500.0,38500.0,38500.0,-22628.6
2024-09-04,38500.0,38500.0,38500.0,-22628.6
2024-09-05,38500.0,38500.0,38500.0,-22628.6
2024-09-06,36500.0,36500.0,36500.0,-14787.9
2024-09-09,36500.0,36500.0,36500.0,-14787.9
2024-09-10,36500.0,36500.0,36500.0,-14787.9
2024-09-11,36500.0,36500.0,36500.0,-14787.9
2024-09-12,36500.0,36500.0,36500.0,-14787.9
2024-09-13,36500.0,36500.0,36500.0,7760.299999999999
2024-09-17,36500.0,36500.0,36500.0,7760.299999999999
2024-09-18,36500.0,36500.0,36500.0,7760.299999999999
2024-09-19,36500.0,36500.0,36500.0,7760.299999999999
2024-09-20,38000.0,38000.0,38000.0,8469.5
2024-09-24,38000.0,38000.0,38000.0,8469.5
2024-09-25,38000.0,38000.0,38000.0,8469.5
2024-09-26,38000.0,38000.0,38000.0,8469.5
2024-09-27,40000.0,40000.0,40000.0,5863.400000000001
2024-09-30,40000.0,40000.0,40000.0,5863.400000000001
2024-10-01,40000.0,40000.0,40000.0,5863.400000000001
2024-10-02,40000.0,40000.0,40000.0,5863.400000000001
2024-10-03,40000.0,40000.0,40000.0,5863.400000000001
2024-10-04,38500.0,38500.0,38500.0,4411.0
2024-10-07,38500.0,38500.0,38500.0,4411.0
2024-10-08,38500.0,38500.0,38500.0,4411.0
2024-10-09,38500.0,38500.0,38500.0,4411.0
2024-10-10,38500.0,38500.0,38500.0,4411.0
2024-10-11,39500.0,39500.0,39500.0,10303.5
2024-10-15,39500.0,39500.0,39500.0,10303.5
2024-10-16,39500.0,39500.0,39500.0,10303.5
2024-10-17,39500.0,39500.0,39500.0,10303.5
2024-10-18,39000.0,39000.0,39000.0,12566.9
2024-10-21,39000.0,39000.0,39000.0,12566.9
2024-10-22,39000.0,39000.0,39000.0,12566.9
2024-10-23,39000.0,39000.0,39000.0,12566.9
2024-10-24,39000.0,39000.0,39000.0,12566.9
2024-10-25,38000.0,38000.0,38000.0,15565.3
2024-10-28,38000.0,38000.0,38000.0,15565.3
2024-10-29,38000.0,38000.0,38000.0,15565.3
2024-10-30,38000.0,38000.0,38000.0,15565.3
2024-10-31,38000.0,38000.0,38000.0,15565.3
2024-11-01,38000.0,38000.0,38000.0,15245.7
2024-11-05,38000.0,38000.0,38000.0,15245.7
2024-11-06,38000.0,38000.0,38000.0,15245.7
2024-11-07,38000.0,38000.0,38000.0,15245.7
2024-11-08,39500.0,39500.0,39500.0,4858.4
2024-11-11,39500.0,39500.0,39500.0,4858.4
2024-11-12,39500.0,39500.0,39500.0,4858.4
2024-11-13,39500.0,39500.0,39500.0,4858.4
2024-11-14,39500.0,39500.0,39500.0,4858.4
2024-11-15,38500.0,38500.0,38500.0,4734.4
2024-11-18,38500.0,38500.0,38500.0,4734.4
2024-11-19,38500.0,38500.0,38500.0,4734.4
2024-11-20,38500.0,38500.0,38500.0,4734.4
2024-11-21,38500.0,38500.0,38500.0,4734.4
2024-11-22,38000.0,38000.0,38000.0,4349.899999999999
2024-11-25,38000.0,38000.0,38000.0,4349.899999999999
2024-11-26,38000.0,38000.0,38000.0,4349.899999999999
2024-11-27,38000.0,38000.0,38000.0,4349.899999999999
2024-11-28,38000.0,38000.0,38000.0,4349.899999999999
2024-11-29,38000.0,38000.0,38000.0,993.2999999999996
2024-12-02,38000.0,38000.0,38000.0,993.2999999999996
2024-12-03,38000.0,38000.0,38000.0,993.2999999999996
2024-12-04,38000.0,38000.0,38000.0,993.2999999999996
2024-12-05,38000.0,38000.0,38000.0,993.2999999999996
2024-12-06,39000.0,39000.0,39000.0,6130.199999999999
2024-12-09,39000.0,39000.0,39000.0,6130.199999999999
2024-12-10,39000.0,39000.0,39000.0,6130.199999999999
2024-12-11,39000.0,39000.0,39000.0,6130.199999999999
2024-12-12,39000.0,39000.0,39000.0,6130.199999999999
2024-12-13,39500.0,39500.0,39500.0,11228.1
2024-12-16,39500.0,39500.0,39500.0,11228.1
2024-12-17,39500.0,39500.0,39500.0,11228.1
2024-12-18,39500.0,39500.0,39500.0,11228.1
2024-12-19,39500.0,39500.0,39500.0,11228.1
2024-12-20,39000.0,38500.0,38750.0,12765.6
2024-12-23,39000.0,38500.0,38750.0,12765.6
2024-12-24,39000.0,38500.0,38750.0,12765.6
2024-12-25,39000.0,38500.0,38750.0,12765.6
2024-12-26,39000.0,38500.0,38750.0,12765.6
2024-12-27,40000.0,40000.0,40000.0,9191.4
2024-12-30,40000.0,40000.0,40000.0,9191.4
2025-01-06,40000.0,40000.0,40000.0,9191.4
2025-01-07,40000.0,40000.0,40000.0,9191.4
2025-01-08,40000.0,40000.0,40000.0,9191.4
2025-01-09,40000.0,40000.0,40000.0,9191.4
2025-01-10,39500.0,39000.0,39250.0,20420.9
2025-01-14,39500.0,39000.0,39250.0,20420.9
2025-01-15,39500.0,39000.0,39250.0,20420.9
2025-01-16,39500.0,39000.0,39250.0,20420.9
2025-01-17,38500.0,38500.0,38500.0,11475.2
2025-01-20,38500.0,38500.0,38500.0,11475.2
2025-01-21,38500.0,38500.0,38500.0,11475.2
2025-01-22,38500.0,38500.0,38500.0,11475.2
2025-01-23,38500.0,38500.0,38500.0,11475.2
2025-01-24,40000.0,40000.0,40000.0,10431.1
2025-01-27,40000.0,40000.0,40000.0,10431.1
2025-01-28,40000.0,40000.0,40000.0,10431.1
2025-01-29,40000.0,40000.0,40000.0,10431.1
2025-01-30,40000.0,40000.0,40000.0,10431.1
2025-01-31,39500.0,39500.0,39500.0,15067.7
2025-02-03,39500.0,39500.0,39500.0,15067.7
2025-02-04,39500.0,39500.0,39500.0,15067.7
2025-02-05,39500.0,39500.0,39500.0,15067.7
2025-02-06,39500.0,39500.0,39500.0,15067.7
2025-02-07,39000.0,39000.0,39000.0,13886.3
2025-02-10,39000.0,39000.0,39000.0,13886.3
2025-02-12,39000.0,39000.0,39000.0,13886.3
2025-02-13,39000.0,39000.0,39000.0,13886.3
2025-02-14,39000.0,39000.0,39000.0,5184.4
2025-02-17,39000.0,39000.0,39000.0,5184.4
2025-02-18,39000.0,39000.0,39000.0,5184.4
2025-02-19,39000.0,39000.0,39000.0,5184.4
2025-02-20,39000.0,39000.0,39000.0,5184.4
2025-02-21,39000.0,38500.0,38750.0,1965.399999999999
2025-02-25,39000.0,38500.0,38750.0,1965.399999999999
2025-02-26,39000.0,38500.0,38750.0,1965.399999999999
2025-02-27,39000.0,38500.0,38750.0,1965.399999999999
2025-02-28,37000.0,37000.0,37000.0,1815.199999999998
2025-03-03,37000.0,37000.0,37000.0,1815.199999999998
2025-03-04,37000.0,37000.0,37000.0,1815.199999999998
2025-03-05,37000.0,37000.0,37000.0,1815.199999999998
2025-03-06,37000.0,37000.0,37000.0,1815.199999999998
2025-03-07,37000.0,37000.0,37000.0,-5162.9
2025-03-10,37000.0,37000.0,37000.0,-5162.9
2025-03-11,37000.0,37000.0,37000.0,-5162.9
2025-03-12,37000.0,37000.0,37000.0,-5162.9
2025-03-13,37000.0,37000.0,37000.0,-5162.9
2025-03-14,37000.0,37000.0,37000.0,1488.7000000000005
2025-03-17,37000.0,37000.0,37000.0,1488.7000000000005
2025-03-18,37000.0,37000.0,37000.0,1488.7000000000005
2025-03-19,37000.0,37000.0,37000.0,1488.7000000000005
2025-03-21,37625.0,37500.0,37562.5,5659.1
2025-03-24,37625.0,37500.0,37562.5,5659.1
2025-03-25,37625.0,37500.0,37562.5,5659.1
2025-03-26,37625.0,37500.0,37562.5,5659.1
2025-03-27,37625.0,37500.0,37562.5,5659.1
2025-03-28,37000.0,37000.0,37000.0,2287.9
2025-03-31,37000.0,37000.0,37000.0,2287.9
2025-04-01,37000.0,37000.0,37000.0,2287.9
2025-04-02,37000.0,37000.0,37000.0,2287.9
2025-04-03,37000.0,37000.0,37000.0,2287.9
2025-04-04,34000.0,34000.0,34000.0,-3729.7
2025-04-07,34000.0,34000.0,34000.0,-3729.7
2025-04-08,34000.0,34000.0,34000.0,-3729.7
2025-04-09,34000.0,34000.0,34000.0,-3729.7
2025-04-10,34000.0,34000.0,34000.0,-3729.7
2025-04-11,33500.0,33500.0,33500.0,-12294.5
2025-04-14,33500.0,33500.0,33500.0,-12294.5
2025-04-15,33500.0,33500.0,33500.0,-12294.5
2025-04-16,33500.0,33500.0,33500.0,-12294.5
2025-04-17,33500.0,33500.0,33500.0,-12294.5
2025-04-18,35000.0,35000.0,35000.0,-13830.6
2025-04-21,35000.0,35000.0,35000.0,-13830.6
2025-04-22,35000.0,35000.0,35000.0,-13830.6
2025-04-23,35000.0,35000.0,35000.0,-13830.6
2025-04-24,35000.0,35000.0,35000.0,-13830.6
2025-04-25,36000.0,36000.0,36000.0,-9414.4
2025-04-28,36000.0,36000.0,36000.0,-9414.4
2025-04-30,36000.0,36000.0,36000.0,-9414.4
2025-05-01,36000.0,36000.0,36000.0,-9414.4
2025-05-02,37000.0,37000.0,37000.0,-10093.2
2025-05-07,37000.0,37000.0,37000.0,-10093.2
2025-05-08,37000.0,37000.0,37000.0,-10093.2
2025-05-09,37500.0,37750.0,37625.0,-1807.1
2025-05-12,37500.0,37750.0,37625.0,-1807.1
2025-05-13,37500.0,37750.0,37625.0,-1807.1
2025-05-14,37500.0,37750.0,37625.0,-1807.1
2025-05-15,37500.0,37750.0,37625.0,-1807.1
2025-05-16,38000.0,37500.0,37750.0,9564.1
2025-05-19,38000.0,37500.0,37750.0,9564.1
2025-05-20,38000.0,37500.0,37750.0,9564.1
2025-05-21,38000.0,37500.0,37750.0,9564.1
2025-05-22,38000.0,37500.0,37750.0,9564.1
2025-05-23,37000.0,37000.0,37000.0,7768.6
2025-05-26,37000.0,37000.0,37000.0,7768.6
2025-05-27,37000.0,37000.0,37000.0,7768.6
2025-05-28,37000.0,37000.0,37000.0,7768.6
2025-05-29,37000.0,37000.0,37000.0,7768.6
2025-05-30,38000.0,38000.0,38000.0,11656.8
2025-06-02,38000.0,38000.0,38000.0,11656.8
2025-06-03,38000.0,38000.0,38000.0,11656.8
2025-06-04,38000.0,38000.0,38000.0,11656.8
2025-06-05,38000.0,38000.0,38000.0,11656.8
2025-06-06,38000.0,37500.0,37750.0,16798.0
2025-06-09,38000.0,37500.0,37750.0,16798.0
2025-06-10,38000.0,37500.0,37750.0,16798.0
2025-06-11,38000.0,37500.0,37750.0,16798.0
2025-06-12,38000.0,37500.0,37750.0,16798.0
2025-06-13,38000.0,38000.0,38000.0,16807.399999999998
2025-06-16,38000.0,38000.0,38000.0,16807.399999999998
2025-06-17,38000.0,38000.0,38000.0,16807.399999999998
2025-06-18,38000.0,38000.0,38000.0,16807.399999999998
2025-06-19,38000.0,38000.0,38000.0,16807.399999999998
2025-06-20,38500.0,38500.0,38500.0,18481.9
2025-06-23,38500.0,38500.0,38500.0,18481.9
2025-06-24,38500.0,38500.0,38500.0,18481.9
2025-06-25,38500.0,38500.0,38500.0,18481.9
2025-06-26,38500.0,38500.0,38500.0,18481.9
2025-06-27,40000.0,40000.0,40000.0,14639.2
2025-06-30,40000.0,40000.0,40000.0,14639.2
2025-07-01,40000.0,40000.0,40000.0,14639.2
2025-07-02,40000.0,40000.0,40000.0,14639.2
2025-07-03,40000.0,40000.0,40000.0,14639.2
2025-07-04,40000.0,40000.0,40000.0,18589.7
2025-07-07,40000.0,40000.0,40000.0,18589.7
2025-07-08,40000.0,40000.0,40000.0,18589.7
2025-07-09,40000.0,40000.0,40000.0,18589.7
2025-07-10,40000.0,40000.0,40000.0,18589.7
2025-07-11,39500.0,39500.0,39500.0,20304.6
2025-07-14,39500.0,39500.0,39500.0,20304.6
2025-07-15,39500.0,39500.0,39500.0,20304.6
2025-07-16,39500.0,39500.0,39500.0,20304.6
2025-07-17,39500.0,39500.0,39500.0,20304.6
2025-07-18,40000.0,39750.0,39875.0,23082.4
2025-07-22,40000.0,39750.0,39875.0,23082.4
2025-07-23,40000.0,39750.0,39875.0,23082.4
2025-07-24,40000.0,39750.0,39875.0,23082.4
2025-07-25,41500.0,41500.0,41500.0,27152.5
2025-07-28,41500.0,41500.0,41500.0,27152.5
2025-07-29,41500.0,41500.0,41500.0,27152.5
2025-07-30,41500.0,41500.0,41500.0,27152.5
2025-07-31,41500.0,41500.0,41500.0,27152.5
2025-08-01,41000.0,40500.0,40750.0,26162.0
2025-08-04,41000.0,40500.0,40750.0,26162.0
2025-08-05,41000.0,40500.0,40750.0,26162.0
2025-08-06,41000.0,40500.0,40750.0,26162.0
2025-08-07,41000.0,40500.0,40750.0,26162.0
2025-08-08,42000.0,42000.0,42000.0,18939.2
2025-08-12,42000.0,42000.0,42000.0,18939.2
2025-08-13,42000.0,42000.0,42000.0,18939.2
2025-08-14,42000.0,42000.0,42000.0,18939.2
2025-08-15,43500.0,43250.0,43375.0,23697.5
2025-08-18,43500.0,43250.0,43375.0,23697.5
2025-08-19,43500.0,43250.0,43375.0,23697.5
2025-08-20,43500.0,43250.0,43375.0,23697.5
2025-08-21,43500.0,43250.0,43375.0,23697.5
2025-08-22,42500.0,42500.0,42500.0,23067.8
2025-08-25,42500.0,42500.0,42500.0,23067.8
2025-08-26,42500.0,42500.0,42500.0,23067.8
2025-08-27,42500.0,42500.0,42500.0,23067.8
2025-08-28,42500.0,42500.0,42500.0,23067.8
2025-08-29,43000.0,43000.0,43000.0,21527.0
2025-09-01,43000.0,43000.0,43000.0,21527.0
2025-09-02,43000.0,43000.0,43000.0,21527.0
2025-09-03,43000.0,43000.0,43000.0,21527.0
2025-09-04,43000.0,43000.0,43000.0,21527.0
2025-09-05,43000.0,43000.0,43000.0,20830.2
2025-09-08,43000.0,43000.0,43000.0,20830.2
2025-09-09,43000.0,43000.0,43000.0,20830.2
2025-09-10,43000.0,43000.0,43000.0,20830.2
2025-09-11,43000.0,43000.0,43000.0,20830.2
2025-09-12,45000.0,44500.0,44750.0,24046.3
2025-09-16,45000.0,44500.0,44750.0,24046.3
2025-09-17,45000.0,44500.0,44750.0,24046.3
2025-09-18,45000.0,44500.0,44750.0,24046.3
2025-09-19,45000.0,45000.0,45000.0,24405.6
2025-09-22,45000.0,45000.0,45000.0,24405.6
2025-09-24,45000.0,45000.0,45000.0,24405.6
2025-09-25,45000.0,45000.0,45000.0,24405.6
2025-09-26,45500.0,45250.0,45375.0,20305.3
2025-09-29,45500.0,45250.0,45375.0,20305.3
2025-09-30,45500.0,45250.0,45375.0,20305.3
2025-10-01,45500.0,45250.0,45375.0,20305.3
2025-10-02,45500.0,45250.0,45375.0,20305.3
2025-10-03,46000.0,45500.0,45750.0,9137.4
2025-10-06,46000.0,45500.0,45750.0,9137.4
2025-10-07,46000.0,45500.0,45750.0,9137.4
2025-10-08,46000.0,45500.0,45750.0,9137.4
2025-10-09,46000.0,45500.0,45750.0,9137.4
2025-10-10,48000.0,48000.0,48000.0,17566.999999999996
2025-10-14,48000.0,48000.0,48000.0,17566.999999999996
2025-10-15,48000.0,48000.0,48000.0,17566.999999999996
2025-10-16,48000.0,48000.0,48000.0,17566.999999999996
2025-10-17,47500.0,47500.0,47500.0,16901.0
2025-10-20,47500.0,47500.0,47500.0,16901.0
2025-10-21,47500.0,47500.0,47500.0,16901.0
2025-10-22,47500.0,47500.0,47500.0,16901.0
2025-10-23,47500.0,47500.0,47500.0,16901.0
2025-10-24,49000.0,49000.0,49000.0,16770.999999999996
2025-10-27,49000.0,49000.0,49000.0,16770.999999999996
2025-10-28,49000.0,49000.0,49000.0,16770.999999999996
2025-10-29,49000.0,49000.0,49000.0,16770.999999999996
2025-10-30,49000.0,49000.0,49000.0,16770.999999999996
2025-10-31,52500.0,52500.0,52500.0,13378.5
2025-11-04,52500.0,52500.0,52500.0,13378.5
2025-11-05,52500.0,52500.0,52500.0,13378.5
2025-11-06,52500.0,52500.0,52500.0,13378.5
2025-11-07,50000.0,50000.0,50000.0,13997.8
2025-11-10,50000.0,50000.0,50000.0,13997.8
2025-11-11,50000.0,50000.0,50000.0,13997.8
2025-11-12,50000.0,50000.0,50000.0,13997.8
2025-11-13,50000.0,50000.0,50000.0,13997.8
2025-11-14,50625.0,50500.0,50562.5,15752.7
2025-11-17,50625.0,50500.0,50562.5,15752.7
2025-11-18,50625.0,50500.0,50562.5,15752.7
2025-11-19,50625.0,50500.0,50562.5,15752.7
2025-11-20,50625.0,50500.0,50562.5,15752.7
2025-11-21,48500.0,48500.0,48500.0,17136.2
2025-11-25,48500.0,48500.0,48500.0,17136.2
2025-11-26,48500.0,48500.0,48500.0,17136.2
2025-11-27,48500.0,48500.0,48500.0,17136.2
2025-11-28,50000.0,50000.0,50000.0,18229.1
2025-12-01,50000.0,50000.0,50000.0,18229.1
2025-12-02,50000.0,50000.0,50000.0,18229.1
2025-12-03,50000.0,50000.0,50000.0,18229.1
2025-12-04,50000.0,50000.0,50000.0,18229.1
2025-12-05,50500.0,50625.0,50562.5,17100.6
2025-12-08,50500.0,50625.0,50562.5,17100.6
2025-12-09,50500.0,50625.0,50562.5,17100.6
2025-12-10,50500.0,50625.0,50562.5,17100.6
2025-12-11,50500.0,50625.0,50562.5,17100.6
2025-12-12,51000.0,51000.0,51000.0,9149.8
2025-12-15,51000.0,51000.0,51000.0,9149.8
2025-12-16,51000.0,51000.0,51000.0,9149.8
2025-12-17,51000.0,51000.0,51000.0,9149.8
2025-12-18,51000.0,51000.0,51000.0,9149.8
2025-12-19,49750.0,49500.0,49625.0,7864.6
2025-12-22,49750.0,49500.0,49625.0,7864.6
2025-12-23,49750.0,49500.0,49625.0,7864.6
2025-12-24,49750.0,49500.0,49625.0,7864.6
2025-12-25,49750.0,49500.0,49625.0,7864.6
2025-12-26,51000.0,51000.0,51000.0,7909.200000000001
2025-12-29,51000.0,51000.0,51000.0,7909.200000000001
2025-12-30,51000.0,51000.0,51000.0,7909.200000000001
2026-01-05,51000.0,51000.0,51000.0,7909.200000000001
2026-01-06,51000.0,51000.0,51000.0,7909.200000000001
2026-01-07,51000.0,51000.0,51000.0,7909.200000000001
2026-01-08,51000.0,51000.0,51000.0,7909.200000000001
2026-01-09,52000.0,52000.0,52000.0,12653.8
2026-01-13,52000.0,52000.0,52000.0,12653.8
2026-01-14,52000.0,52000.0,52000.0,12653.8
2026-01-15,52000.0,52000.0,52000.0,12653.8
2026-01-16,54000.0,54000.0,54000.0,15262.6
2026-01-19,54000.0,54000.0,54000.0,15262.6
2026-01-20,54000.0,54000.0,54000.0,15262.6
2026-01-21,54000.0,54000.0,54000.0,15262.6
2026-01-22,54000.0,54000.0,54000.0,15262.6
2026-01-23,54000.0,54000.0,54000.0,13588.0
2026-01-26,54000.0,54000.0,54000.0,13588.0
2026-01-27,54000.0,54000.0,54000.0,13588.0
2026-01-28,54000.0,54000.0,54000.0,13588.0
2026-01-29,54000.0,54000.0,54000.0,13588.0
2026-01-30,53500.0,53500.0,53500.0,12065.8
2026-02-02,53500.0,53500.0,53500.0,12065.8
2026-02-03,53500.0,53500.0,53500.0,12065.8
2026-02-04,53500.0,53500.0,53500.0,12065.8
2026-02-05,53500.0,53500.0,53500.0,12065.8
2026-02-06,54500.0,54000.0,54250.0,12093.4
2026-02-09,54500.0,54000.0,54250.0,12093.4
2026-02-10,54500.0,54000.0,54250.0,12093.4
2026-02-12,54500.0,54000.0,54250.0,12093.4
2026-02-13,57000.0,57000.0,57000.0,18405.3
2026-02-16,57000.0,57000.0,57000.0,18405.3
2026-02-17,57000.0,57000.0,57000.0,18405.3
2026-02-18,57000.0,57000.0,57000.0,18405.3
2026-02-19,57000.0,57000.0,57000.0,18405.3
2026-02-20,57000.0,57000.0,57000.0,20732.7
2026-02-24,57000.0,57000.0,57000.0,20732.7
2026-02-25,57000.0,57000.0,57000.0,20732.7
2026-02-26,57000.0,57000.0,57000.0,20732.7
2026-02-27,59000.0,59000.0,59000.0,17340.899999999998
2026-03-02,59000.0,59000.0,59000.0,17340.899999999998
2026-03-03,59000.0,59000.0,59000.0,17340.899999999998
2026-03-04,59000.0,59000.0,59000.0,17340.899999999998
2026-03-05,59000.0,59000.0,59000.0,17340.899999999998
2026-03-06,55500.0,55500.0,55500.0,7237.800000000001
2026-03-09,55500.0,55500.0,55500.0,7237.800000000001
2026-03-10,55500.0,55500.0,55500.0,7237.800000000001
2026-03-11,55500.0,55500.0,55500.0,7237.800000000001
2026-03-12,55500.0,55500.0,55500.0,7237.800000000001
2026-03-13,53625.0,54000.0,53812.5,13401.9
2026-03-16,53625.0,54000.0,53812.5,13401.9
2026-03-17,53625.0,54000.0,53812.5,13401.9
2026-03-18,53625.0,54000.0,53812.5,13401.9
2026-03-19,53250.0,53500.0,53375.0,13248.9
2026-03-23,53250.0,53500.0,53375.0,13248.9
2026-03-24,53250.0,53500.0,53375.0,13248.9
2026-03-25,53250.0,53500.0,53375.0,13248.9
2026-03-26,53250.0,53500.0,53375.0,13248.9
2026-03-27,53250.0,53500.0,53375.0,4999.299999999999
2026-03-30,53250.0,53500.0,53375.0,4999.299999999999
2026-03-31,53250.0,53500.0,53375.0,4999.299999999999
2026-04-01,53250.0,53500.0,53375.0,4999.299999999999
2026-04-02,53250.0,53500.0,53375.0,4999.299999999999
2026-04-03,53000.0,53000.0,53000.0,-3740.2
2026-04-06,53000.0,53000.0,53000.0,-3740.2
2026-04-07,53000.0,53000.0,53000.0,-3740.2
2026-04-08,53000.0,53000.0,53000.0,-3740.2
2026-04-09,53000.0,53000.0,53000.0,-3740.2
2026-04-10,57000.0,57000.0,57000.0,599.9
2026-04-13,57000.0,57000.0,57000.0,599.9
2026-04-14,57000.0,57000.0,57000.0,599.9
2026-04-15,57000.0,57000.0,57000.0,599.9
2026-04-16,57000.0,57000.0,57000.0,599.9
2026-04-17,58750.0,58250.0,58500.0,7459.9
2026-04-20,58750.0,58250.0,58500.0,7459.9
2026-04-21,58750.0,58250.0,58500.0,7459.9
2026-04-22,58750.0,58250.0,58500.0,7459.9
2026-04-23,58750.0,58250.0,58500.0,7459.9
2026-04-24,60000.0,60000.0,60000.0,7467.000000000001
2026-04-27,60000.0,60000.0,60000.0,7467.000000000001
2026-04-28,60000.0,60000.0,60000.0,7467.000000000001
2026-04-30,60000.0,60000.0,60000.0,7467.000000000001
2026-05-01,59500.0,59500.0,59500.0,11026.1
2026-05-07,59500.0,59500.0,59500.0,11026.1
2026-05-08,63000.0,62500.0,62750.0,13875.4
2026-05-11,63000.0,62500.0,62750.0,13875.4
2026-05-12,63000.0,62500.0,62750.0,13875.4
2026-05-13,63000.0,62500.0,62750.0,13875.4
2026-05-14,63000.0,62500.0,62750.0,13875.4
2026-05-15,61500.0,61500.0,61500.0,15148.7
2026-05-18,61500.0,61500.0,61500.0,15148.7
2026-05-19,61500.0,61500.0,61500.0,15148.7
2026-05-20,61500.0,61500.0,61500.0,15148.7
2026-05-21,61500.0,61500.0,61500.0,15148.7
2026-05-22,63500.0,63500.0,63500.0,7484.4
2026-05-25,63500.0,63500.0,63500.0,7484.4
2026-05-26,63500.0,63500.0,63500.0,7484.4
2026-05-27,63500.0,63500.0,63500.0,7484.4
2026-05-28,63500.0,63500.0,63500.0,7484.4
2026-05-29,66500.0,66250.0,66375.0,9469.4
2026-06-01,66500.0,66250.0,66375.0,9469.4
2026-06-02,66500.0,66250.0,66375.0,9469.4
2026-06-03,66500.0,66250.0,66375.0,9469.4
2026-06-04,66500.0,66250.0,66375.0,9469.4
2026-06-05,66500.0,66500.0,66500.0,13579.2
2026-06-08,66500.0,66500.0,66500.0,13579.2
2026-06-09,66500.0,66500.0,66500.0,13579.2
2026-06-10,66500.0,66500.0,66500.0,13579.2
2026-06-11,66500.0,66500.0,66500.0,13579.2
2026-06-12,66000.0,66000.0,66000.0,16622.5
2026-06-15,66000.0,66000.0,66000.0,16622.5
2026-06-16,66000.0,66000.0,66000.0,16622.5
2026-06-17,66000.0,66000.0,66000.0,16622.5
2026-06-18,66000.0,66000.0,66000.0,16622.5
2026-06-19,71000.0,71000.0,71000.0,25097.4
2026-06-22,71000.0,71000.0,71000.0,25097.4
2026-06-23,71000.0,71000.0,71000.0,25097.4
2026-06-24,71000.0,71000.0,71000.0,25097.4
2026-06-25,71000.0,71000.0,71000.0,25097.4
2026-06-26,69250.0,69250.0,69250.0,29101.3
2026-06-29,69250.0,69250.0,69250.0,29101.3
2026-06-30,69250.0,69250.0,69250.0,29101.3
2026-07-01,69250.0,69250.0,69250.0,29101.3
2026-07-02,69250.0,69250.0,69250.0,29101.3
2026-07-03,70000.0,70000.0,70000.0,25702.0
2026-07-06,70000.0,70000.0,70000.0,25702.0
2026-07-07,70000.0,70000.0,70000.0,25702.0
2026-07-08,70000.0,70000.0,70000.0,25702.0
2026-07-09,70000.0,70000.0,70000.0,25702.0
2026-07-10,68250.0,68500.0,68375.0,19066.5
2026-07-13,68250.0,68500.0,68375.0,19066.5
2026-07-14,68250.0,68500.0,68375.0,19066.5
2026-07-15,68250.0,68500.0,68375.0,19066.5
2026-07-16,68250.0,68500.0,68375.0,19066.5
2026-07-17,64000.0,64000.0,64000.0,24225.6
2026-07-21,64000.0,64000.0,64000.0,24225.6
2026-07-22,64000.0,64000.0,64000.0,24225.6
2026-07-23,64000.0,64000.0,64000.0,24225.6
2026-07-24,64750.0,64500.0,64625.0,23464.3
2026-07-27,64750.0,64500.0,64625.0,23464.3
2026-07-28,64750.0,64500.0,64625.0,23464.3
2026-07-29,64750.0,64500.0,64625.0,23464.3
2026-07-30,64750.0,64500.0,64625.0,23464.3
2026-07-31,64500.0,64500.0,64500.0,24664.8
2026-08-03,64500.0,64500.0,64500.0,24664.8
2026-08-04,64500.0,64500.0,64500.0,24664.8
2026-08-05,64500.0,64500.0,64500.0,24664.8
2026-08-06,64500.0,64500.0,64500.0,24664.8
2026-08-07,65500.0,65500.0,65500.0,19479.6
2026-08-10,65500.0,65500.0,65500.0,19479.6
2026-08-12,65500.0,65500.0,65500.0,19479.6
2026-08-13,65500.0,65500.0,65500.0,19479.6
2026-08-14,69000.0,69000.0,69000.0,13657.7
2026-08-17,69000.0,69000.0,69000.0,13657.7
2026-08-18,69000.0,69000.0,69000.0,13657.7
2026-08-19,69000.0,69000.0,69000.0,13657.7
2026-08-20,69000.0,69000.0,69000.0,13657.7
2026-08-21,66000.0,66000.0,66000.0,14269.3
2026-08-24,66000.0,66000.0,66000.0,14269.3
2026-08-25,66000.0,66000.0,66000.0,14269.3
2026-08-26,66000.0,66000.0,66000.0,14269.3
2026-08-27,66000.0,66000.0,66000.0,14269.3
2026-08-28,66500.0,66500.0,66500.0,11466.6
2026-08-31,66500.0,66500.0,66500.0,11466.6
2026-09-01,66500.0,66500.0,66500.0,11466.6
2026-09-02,66500.0,66500.0,66500.0,11466.6
2026-09-03,66500.0,66500.0,66500.0,11466.6
2026-09-04,65000.0,65000.0,65000.0,7421.7
2026-09-07,65000.0,65000.0,65000.0,7421.7
2026-09-08,65000.0,65000.0,65000.0,7421.7
2026-09-09,65000.0,65000.0,65000.0,7421.7
2026-09-10,65000.0,65000.0,65000.0,7421.7
2026-09-11,65000.0,65000.0,65000.0,7421.7
2026-09-14,64000.0,64000.0,64000.0,13945.7
2026-09-15,64000.0,64000.0,64000.0,13945.7
2026-09-17,64000.0,64000.0,64000.0,13945.7
2026-09-18,64000.0,64000.0,64000.0,13945.7
2026-09-24,65000.0,65000.0,65000.0,9130.7
