"コード","銘柄名","市場","現在値","前日比(%)","平均売買代金(千円)"
"1332","ニッスイ","東P","1185.5","-17.5(-1.45%)","1,937,234"
"1333","Ｕｍｉｏｓ","東P","1266.0","-9.5(-0.74%)","602,128"
"1407","ウエストＨＬＤＧ","東S","2387","+49.0(+2.10%)","1,256,125"
"1414","ショーボンドＨＬＤＧ","東P","1258.5","-8.5(-0.67%)","1,095,346"
"1417","ミライト・ワン","東P","3540.0","-5.0(-0.14%)","769,558"
"1419","タマホーム","東P","2870","+1.0(+0.03%)","510,421"
"1515","日鉄鉱業","東P","3740","+210.0(+5.95%)","2,916,054"
"1518","三井松島ＨＬＤＧ","東P","2283","-8.0(-0.35%)","815,663"
"1605","ＩＮＰＥＸ","東P","3912.0","+80.0(+2.09%)","18,120,177"
"1662","石油資源開発","東P","1911","+16.0(+0.84%)","2,223,103"
"1719","安藤・間","東P","1924.0","+13.0(+0.68%)","1,209,518"
"1721","コムシスＨＬＤＧ","東P","5467.0","+8.0(+0.15%)","1,983,247"
"1723","日本電技","東S","2483","+30.0(+1.22%)","541,520"
"1801","大成建設","東P","13340.0","+195.0(+1.48%)","7,901,416"
"1802","大林組","東P","3108.0","+58.0(+1.90%)","7,050,750"
"1803","清水建設","東P","2533.5","+77.5(+3.16%)","6,371,691"
"1808","長谷工コーポレーション","東P","2821.5","+21.5(+0.77%)","2,296,204"
"1812","鹿島建設","東P","5187.0","+125.0(+2.47%)","9,728,201"
"1820","西松建設","東P","5639.0","+5.0(+0.09%)","666,872"
"1833","奥村組","東P","5800","+10.0(+0.17%)","737,469"
"1860","戸田建設","東P","1529.0","+15.5(+1.02%)","1,333,048"
"1861","熊谷組","東P","1313","+13.0(+1.00%)","1,459,451"
"1878","大東建託","東P","3301.0","+11.0(+0.33%)","4,735,422"
"1882","東亜道路工業","東P","1605","-7.0(-0.43%)","603,949"
"1885","東亜建設工業","東P","2140","+36.0(+1.71%)","950,548"
"1893","五洋建設","東P","1510.0","+54.0(+3.71%)","2,819,067"
"1911","住友林業","東P","1259.0","-13.5(-1.06%)","5,187,810"
"1925","大和ハウス工業","東P","4631.0","-8.0(-0.17%)","7,946,927"
"1928","積水ハウス","東P","3321.0","+19.0(+0.58%)","6,921,863"
"1942","関電工","東P","5752.0","+116.0(+2.06%)","4,215,060"
"1944","きんでん","東P","7153.0","+30.0(+0.42%)","4,481,936"
"1951","エクシオグループ","東P","2588.5","-18.0(-0.69%)","1,107,418"
"1959","クラフティア","東P","8192.0","+142.0(+1.76%)","1,499,879"
"1961","三機工業","東P","2457","+37.0(+1.53%)","1,132,635"
"1963","日揮ＨＬＤＧ","東P","2440.0","+73.0(+3.08%)","3,335,821"
"1969","高砂熱学工業","東P","4502.0","+112.0(+2.55%)","2,314,137"
"1979","大氣社","東P","3830","+20.0(+0.52%)","991,015"
"1980","ダイダン","東P","2865","+65.0(+2.32%)","1,468,897"
"2002","日清製粉グループ本社","東P","2037.5","-7.0(-0.34%)","1,882,957"
"2121","ＭＩＸＩ","東P","3460","-65.0(-1.84%)","1,339,619"
"2124","ジェイエイシーリクルートメント","東P","956","-12.0(-1.24%)","762,832"
"2127","日本Ｍ＆ＡセンターＨＬＤＧ","東P","625.1","-14.9(-2.33%)","1,993,273"
"2146","ＵＴグループ","東P","221","-3.0(-1.34%)","1,341,523"
"2157","コシダカＨＬＤＧ","東P","992","-7.0(-0.70%)","1,136,711"
"2175","エス・エム・エス","東P","2531","-1.0(-0.04%)","1,180,032"
"2181","パーソルＨＬＤＧ","東P","279.0","-5.3(-1.86%)","2,996,067"
"2201","森永製菓","東P","2469.0","-35.0(-1.40%)","763,913"
"2206","江崎グリコ","東P","4980.0","-101.0(-1.99%)","864,333"
"2212","山崎製パン","東P","3848.0","-41.0(-1.05%)","2,250,231"
"2222","寿スピリッツ","東P","2455.0","-7.0(-0.28%)","1,541,868"
"2229","カルビー","東P","3020.0","-39.0(-1.27%)","712,492"
"2264","森永乳業","東P","1098.5","-18.0(-1.61%)","1,783,300"
"2267","ヤクルト本社","東P","2794.0","-34.5(-1.22%)","3,250,410"
"2269","明治ＨＬＤＧ","東P","4344.0","-62.0(-1.41%)","4,491,421"
"2270","雪印メグミルク","東P","3715","-50.0(-1.33%)","548,947"
"2282","日本ハム","東P","6142.0","-67.0(-1.08%)","3,307,423"
"2292","Ｓ　ＦＯＯＤＳ","東P","2755","-15.0(-0.54%)","863,396"
"2327","日鉄ソリューションズ","東P","3797.0","-34.0(-0.89%)","798,198"
"2331","ＡＬＳＯＫ","東P","1193.5","-3.0(-0.25%)","1,333,287"
"2354","ＹＥ　ＤＩＧＩＴＡＬ","東S","1387","-61.0(-4.21%)","1,331,689"
"2371","カカクコム","東P","3702.0","+11.0(+0.30%)","825,206"
"2379","ディップ","東P","1793","-28.0(-1.54%)","594,026"
"2413","エムスリー","東P","1666.0","-54.5(-3.17%)","7,803,975"
"2432","ディー・エヌ・エー","東P","2489.0","-121.5(-4.65%)","2,860,469"
"2433","博報堂ＤＹ　ＨＬＤＧ","東P","1294.0","-7.5(-0.58%)","1,092,741"
"2492","インフォマート","東P","701","-2.0(-0.28%)","2,347,003"
"2501","サッポロビール","東P","1845.0","-31.0(-1.65%)","2,239,820"
"2502","アサヒグループＨＬＤＧ","東P","1605.0","-28.0(-1.71%)","11,176,808"
"2503","キリンＨＬＤＧ","東P","2804.0","-42.5(-1.49%)","8,246,483"
"2531","宝ＨＬＤＧ","東P","2446.0","+11.0(+0.45%)","1,031,555"
"256A","飛島ＨＬＤＧ","東P","2215","+2.0(+0.09%)","506,119"
"2579","コカ・コーラボトラーズＪＰＨＤ","東P","3754.0","-52.0(-1.37%)","2,659,326"
"2585","ライフドリンク　カンパニー","東P","1438","-53.0(-3.55%)","1,280,215"
"2587","サントリービバレッジ＆フード","東P","4463.0","+29.0(+0.65%)","4,368,319"
"2593","伊藤園","東P","3135.0","-65.0(-2.03%)","1,421,048"
"2607","不二製油","東P","4395.0","-1.0(-0.02%)","1,272,119"
"2670","エービーシー・マート","東P","2670.0","-40.5(-1.49%)","1,428,746"
"2685","アンドエスティＨＤ","東P","3220","+15.0(+0.47%)","1,221,021"
"268A","リガク・ＨＬＤＧ","東P","1653","+46.0(+2.86%)","4,778,529"
"2695","くら寿司","東P","1716","-23.0(-1.32%)","675,124"
"2702","日本マクドナルドＨＬＤＧ","東S","8150","-110.0(-1.33%)","4,280,653"
"2726","パルグループＨＬＤＧ","東P","1512","-32.0(-2.07%)","1,152,280"
"2730","エディオン","東P","2448","-29.0(-1.17%)","578,771"
"2737","トーメンデバイス","東P","33500","+1,500.0(+4.69%)","3,523,133"
"2760","東京エレクトロン　デバイス","東P","4025","+70.0(+1.77%)","531,262"
"2767","円谷フィールズＨＬＤＧ","東P","2473","-7.0(-0.28%)","1,522,025"
"2768","双日","東P","5864.0","+81.0(+1.40%)","6,308,386"
"2780","コメ兵ＨＬＤＧ","東S","4515","-215.0(-4.55%)","867,310"
"2782","セリア","東S","4775","+25.0(+0.53%)","1,463,670"
"2784","アルフレッサＨＬＤＧ","東P","2292.0","+7.5(+0.33%)","928,595"
"2801","キッコーマン","東P","1695.0","-44.0(-2.53%)","5,861,138"
"2802","味の素","東P","5084.0","+16.0(+0.32%)","15,142,623"
"2805","エスビー食品","東S","7430","+90.0(+1.23%)","563,234"
"2809","キユーピー","東P","4650.0","-27.0(-0.58%)","1,320,393"
"2810","ハウス食品グループ本社","東P","3840.0","-14.0(-0.36%)","933,729"
"2811","カゴメ","東P","2744.5","+8.0(+0.29%)","730,580"
"285A","キオクシアＨＬＤＧ","東P","57000.0","-410.0(-0.71%)","1,944,044,288"
"2871","ニチレイ","東P","2142.0","-8.0(-0.37%)","2,522,703"
"2875","東洋水産","東P","10110.0","+5.0(+0.05%)","3,570,573"
"287A","黒田グループ","東S","1136","-2.0(-0.18%)","504,867"
"2897","日清食品ＨＬＤＧ","東P","2916.5","-51.0(-1.72%)","3,299,272"
"2914","日本たばこ産業","東P","6610.0","-50.0(-0.75%)","22,074,794"
"2962","テクニスコ","東S","1688","+123.0(+7.86%)","908,422"
"2980","ＳＲＥ　ＨＬＤＧ","東P","2313","-24.0(-1.03%)","717,819"
"3002","グンゼ","東P","4050","+0.0(+0.00%)","677,900"
"3003","ヒューリック","東P","1752.0","+6.5(+0.37%)","3,255,507"
"3038","神戸物産","東P","3108.0","+0.0(+0.00%)","5,655,560"
"3046","ジンズＨＬＤＧ","東P","5610","-70.0(-1.23%)","1,879,783"
"3048","ビックカメラ","東P","1692.0","-20.5(-1.20%)","1,946,556"
"3064","ＭｏｎｏｔａＲＯ","東P","1867.5","-95.5(-4.87%)","3,482,855"
"3086","Ｊ．フロント　リテイリング","東P","2600.0","-14.5(-0.55%)","4,720,687"
"3088","マツキヨココカラ＆カンパニー","東P","2530.0","-74.0(-2.84%)","3,756,879"
"3092","ＺＯＺＯ","東P","1106.5","-28.5(-2.51%)","2,658,162"
"3097","物語コーポレーション","東P","5700","-190.0(-3.23%)","910,183"
"3099","三越伊勢丹ＨＬＤＧ","東P","3122.0","+4.0(+0.13%)","10,349,058"
"3101","東洋紡","東P","1631","+50.0(+3.16%)","846,740"
"3103","ユニチカ","東S","1456","+44.0(+3.12%)","31,682,799"
"3105","日清紡ＨＬＤＧ","東P","2308.5","+93.5(+4.22%)","1,621,693"
"3107","ダイワボウＨＬＤＧ","東P","3718.0","+35.0(+0.95%)","854,920"
"3110","日東紡績","東P","3065","+130.0(+4.43%)","17,570,845"
"3116","トヨタ紡織","東P","2215.0","+14.0(+0.64%)","1,233,379"
"3132","マクニカＨＬＤＧ","東P","3551.0","+106.0(+3.08%)","2,861,266"
"3156","レスター","東P","5060","-10.0(-0.20%)","603,426"
"3176","三洋貿易","東P","1149","+33.0(+2.96%)","542,539"
"3186","ネクステージ","東P","2950","-100.0(-3.28%)","1,226,576"
"3197","すかいらーくＨＬＤＧ","東P","3369.0","-51.0(-1.49%)","3,907,549"
"3222","ユナイテッド・スーパーマーケッ","東S","843","-5.0(-0.59%)","655,737"
"3231","野村不動産ＨＬＤＧ","東P","916.8","+1.0(+0.11%)","3,357,118"
"3276","ＪＰＭＣ","東P","2246","+0.0(+0.00%)","586,545"
"3288","オープンハウスグループ","東P","7568.0","-28.0(-0.37%)","2,670,981"
"3289","東急不動産ＨＬＤＧ","東P","1303.5","+8.5(+0.66%)","3,295,412"
"3291","飯田グループＨＬＤＧ","東P","2246.0","-9.0(-0.40%)","1,145,312"
"3315","日本コークス工業","東P","101","+1.0(+1.00%)","757,094"
"3349","コスモス薬品","東P","6625.0","-193.0(-2.83%)","2,653,123"
"3350","メタプラネット","東S","251","+7.0(+2.87%)","12,450,455"
"3360","シップヘルスケアＨＬＤＧ","東P","2383.0","-2.0(-0.08%)","594,968"
"3382","セブン＆アイＨＬＤＧ","東P","2028.5","-31.0(-1.51%)","17,809,452"
"3387","クリエイト・レストランツＨＬＤ","東P","779","+4.0(+0.52%)","1,491,503"
"3391","ツルハＨＬＤＧ","東P","2337.0","-4.0(-0.17%)","3,065,955"
"3397","トリドールＨＬＤＧ","東P","4243.0","-79.0(-1.83%)","1,478,807"
"3401","帝人","東P","1645.5","+23.5(+1.45%)","1,102,816"
"3402","東レ","東P","1222.0","+9.5(+0.78%)","5,361,256"
"3405","クラレ","東P","1785.5","+24.5(+1.39%)","2,861,457"
"3407","旭化成","東P","1567.0","-3.5(-0.22%)","7,142,697"
"3433","トーカロ","東P","2776","+20.0(+0.73%)","582,457"
"3436","ＳＵＭＣＯ","東P","3122.0","+39.0(+1.27%)","41,931,762"
"3445","ＲＳ　Ｔｅｃｈｎｏｌｏｇｉｅｓ","東P","5550","+20.0(+0.36%)","1,542,039"
"3449","テクノフレックス","東S","4060","+95.0(+2.40%)","513,559"
"3465","ケイアイスター不動産","東P","3265","+15.0(+0.46%)","758,494"
"3498","霞ヶ関キャピタル","東P","7470","+90.0(+1.22%)","2,564,495"
"3543","コメダＨＬＤＧ","東P","2859","-19.0(-0.66%)","1,086,223"
"3549","クスリのアオキＨＬＤＧ","東S","4015.0","-117.0(-2.83%)","938,726"
"3563","ＦＯＯＤ　＆　ＬＩＦＥ　ＣＯＭ","東P","5517.0","-140.0(-2.47%)","12,027,930"
"3569","セーレン","東P","3295","+30.0(+0.92%)","610,770"
"3612","ワールド","東P","1569","-11.0(-0.70%)","878,537"
"3626","ＴＩＳＩ","東P","3800.0","-61.0(-1.58%)","3,013,697"
"3635","コーエーテクモＨＬＤＧ","東P","1636.5","-13.0(-0.79%)","1,455,655"
"3659","ネクソン","東P","3115.0","-17.0(-0.54%)","11,516,114"
"3660","アイスタイル","東P","486","-22.0(-4.33%)","1,086,239"
"3687","フィックスターズ","東P","2244","+9.0(+0.40%)","1,278,716"
"3697","ＳＨＩＦＴ","東P","830.9","-25.3(-2.95%)","4,438,276"
"3765","ガンホー・オンライン","東P","2450","-34.0(-1.37%)","860,109"
"3769","ＧＭＯペイメントゲートウェイ","東P","8466.0","-213.0(-2.45%)","3,414,713"
"3774","インターネットイニシアティブ","東P","3231.0","+18.0(+0.56%)","1,838,827"
"3778","さくらインターネット","東P","3750","+50.0(+1.35%)","5,257,356"
"3810","サイバーステップ　ＨＬＤＧ","東S","174","+0.0(+0.00%)","537,688"
"3825","リミックスポイント","東S","233","+7.0(+3.10%)","719,078"
"3861","王子ＨＬＤＧ","東P","864.0","-6.2(-0.71%)","2,798,804"
"3863","日本製紙","東P","1300","+22.0(+1.72%)","898,236"
"3891","ニッポン高度紙工業","東S","6390","+250.0(+4.07%)","917,146"
"3907","シリコンスタジオ","東S","2121","+36.0(+1.73%)","1,798,357"
"3923","ラクス","東P","1020.5","-26.0(-2.48%)","2,213,258"
"3941","レンゴー","東P","1521.0","+5.5(+0.36%)","1,331,357"
"3946","トーモク","東P","4290","+30.0(+0.70%)","536,606"
"3964","オークネット","東P","1309","-16.0(-1.21%)","1,014,318"
"3993","ＰＫＳＨＡ　Ｔｅｃｈｎｏｌｏｇ","東P","3060","-100.0(-3.16%)","1,486,903"
"3994","マネーフォワード","東P","5879.0","-166.0(-2.75%)","4,067,775"
"4004","レゾナック・ＨＬＤＧ","東P","16070.0","+395.0(+2.52%)","30,500,623"
"4005","住友化学","東P","573.8","+5.7(+1.00%)","7,478,089"
"4021","日産化学","東P","8002.0","+180.0(+2.30%)","4,746,480"
"4022","ラサ工業","東P","1946","+7.0(+0.36%)","1,972,613"
"4023","クレハ","東P","4470","+60.0(+1.36%)","997,769"
"4028","石原産業","東P","3000","+47.0(+1.59%)","546,247"
"4042","東ソー","東P","2594.0","+31.5(+1.23%)","2,527,881"
"4043","トクヤマ","東P","4032.0","+111.0(+2.83%)","2,378,379"
"4046","大阪ソーダ","東P","1999","+60.0(+3.09%)","616,415"
"4047","関東電化工業","東P","2194","+60.0(+2.81%)","1,848,826"
"4061","デンカ","東P","3308.0","+89.0(+2.76%)","2,316,564"
"4062","イビデン","東P","21420.0","+610.0(+2.93%)","159,237,846"
"4063","信越化学工業","東P","5719.0","+17.0(+0.30%)","33,905,070"
"4071","プラスアルファコンサルティング","東P","2047","+10.0(+0.49%)","689,262"
"4078","堺化学工業","東P","3650","+35.0(+0.97%)","736,706"
"4082","第一稀元素化学工業","東P","2518","+54.0(+2.19%)","4,428,612"
"4088","エア・ウォーター","東P","2920","-95.0(-3.15%)","3,216,374"
"4091","日本酸素ＨＤ","東P","5438.0","+71.0(+1.32%)","2,521,830"
"4092","日本化学工業","東P","5170","+70.0(+1.37%)","765,418"
"4099","四国化成ＨＬＤＧ","東P","2148","+69.0(+3.32%)","1,704,286"
"4107","伊勢化学工業","東S","4055","+115.0(+2.92%)","1,210,282"
"4114","日本触媒","東P","2538.5","+47.0(+1.89%)","2,217,052"
"4118","カネカ","東P","5968.0","+67.0(+1.14%)","1,740,170"
"4151","協和キリン","東P","2224.0","-139.0(-5.88%)","3,979,314"
"4180","Ａｐｐｉｅｒ　Ｇｒｏｕｐ","東P","1393","-80.0(-5.43%)","3,114,410"
"4182","三菱瓦斯化学","東P","3858.0","+123.0(+3.29%)","7,149,982"
"4183","三井化学","東P","2141.0","+16.5(+0.78%)","4,625,043"
"4186","東京応化工業","東P","8378.0","+274.0(+3.38%)","6,209,992"
"4188","三菱ケミカルグループ","東P","1172.5","+11.0(+0.95%)","6,865,487"
"4194","ビジョナル","東P","8649.0","-271.0(-3.04%)","1,690,558"
"4202","ダイセル","東P","1406.0","+11.0(+0.79%)","1,270,219"
"4203","住友ベークライト","東P","7660.0","+760.0(+11.01%)","4,983,627"
"4204","積水化学工業","東P","2499.5","-4.5(-0.18%)","3,483,798"
"4205","日本ゼオン","東P","2347.5","-6.5(-0.28%)","2,228,305"
"4206","アイカ工業","東P","4133.0","-40.0(-0.96%)","1,005,166"
"4208","ＵＢＥ","東P","3416.0","+24.0(+0.71%)","2,823,586"
"4222","児玉化学工業","東S","692","-13.0(-1.84%)","569,415"
"4272","日本化薬","東P","2033.5","+20.5(+1.02%)","879,297"
"429A","テクセンドフォトマスク","東P","3810","+55.0(+1.46%)","2,488,530"
"4307","野村総合研究所","東P","4818.0","-151.0(-3.04%)","11,206,564"
"4324","電通グループ","東P","3535.0","-72.0(-2.00%)","4,194,833"
"4368","扶桑化学工業","東P","2875","+60.0(+2.13%)","2,806,718"
"4369","トリケミカル研究所","東P","3060","+5.0(+0.16%)","1,687,074"
"4373","シンプレクス・ＨＬＤＧ","東P","1099","-41.0(-3.60%)","1,461,395"
"4385","メルカリ","東P","3967.0","-133.0(-3.24%)","8,743,703"
"4392","ＦＩＧ","東P","1000","+15.0(+1.52%)","8,449,252"
"4401","ＡＤＥＫＡ","東P","4482.0","+113.0(+2.59%)","1,337,952"
"4403","日油","東P","2654.0","+64.0(+2.47%)","2,282,229"
"4413","ボードルア","東P","2964","+0.0(+0.00%)","1,377,249"
"4432","ウイングアーク１ｓｔ","東P","3095","-100.0(-3.13%)","668,626"
"4440","ヴィッツ","東S","2070","+56.0(+2.78%)","3,294,261"
"4443","Ｓａｎｓａｎ","東P","1976","-19.0(-0.95%)","2,779,199"
"4452","花王","東P","3413.0","-30.0(-0.87%)","10,610,448"
"4461","第一工業製薬","東P","13140","+1,010.0(+8.33%)","2,531,760"
"4471","三洋化成工業","東P","5960","+150.0(+2.58%)","858,602"
"4480","メドレー","東P","2434","-36.0(-1.46%)","1,247,569"
"4483","ＪＭＤＣ","東P","3460","-40.0(-1.14%)","1,117,021"
"4502","武田薬品工業","東P","5615.0","-145.0(-2.52%)","21,459,829"
"4503","アステラス製薬","東P","2237.0","-43.5(-1.91%)","13,195,744"
"4506","住友ファーマ","東P","1545.0","-70.0(-4.33%)","5,520,797"
"4507","塩野義製薬","東P","2846.5","-51.0(-1.76%)","6,732,320"
"4516","日本新薬","東P","3363.0","-24.0(-0.71%)","1,299,371"
"4519","中外製薬","東P","6476.0","-56.0(-0.86%)","15,364,721"
"4523","エーザイ","東P","4620.0","-32.0(-0.69%)","5,078,759"
"4527","ロート製薬","東P","2835.0","-41.5(-1.44%)","3,238,852"
"4528","小野薬品工業","東P","2353.0","-71.5(-2.95%)","3,391,927"
"4536","参天製薬","東P","1758.5","-8.0(-0.45%)","2,219,195"
"4540","ツムラ","東P","3666.0","-18.0(-0.49%)","1,813,420"
"4543","テルモ","東P","2268.0","-58.5(-2.51%)","11,180,811"
"4544","Ｈ．Ｕ．グループＨＬＤＧ","東P","3425.0","-51.0(-1.47%)","780,039"
"4565","ネクセラファーマ","東P","1190","-44.0(-3.57%)","1,528,274"
"4568","第一三共","東P","2710.5","-40.5(-1.47%)","15,326,386"
"4578","大塚ＨＬＤＧ","東P","11675.0","-125.0(-1.06%)","12,450,413"
"4587","ペプチドリーム","東P","1082.5","-13.5(-1.23%)","1,101,461"
"4612","日本ペイントＨＬＤＧ","東P","1113.5","-1.5(-0.13%)","3,749,317"
"4613","関西ペイント","東P","2797.0","-11.0(-0.39%)","1,832,023"
"4626","太陽ＨＬＤＧ","東P","4720.0","+10.0(+0.21%)","1,242,213"
"4631","ＤＩＣ","東P","4646.0","+38.0(+0.82%)","3,627,670"
"4634","ａｒｔｉｅｎｃｅ","東P","5100","+195.0(+3.98%)","717,213"
"4661","オリエンタルランド","東P","3143.0","-45.0(-1.41%)","13,674,755"
"4666","パーク２４","東P","1952.0","-28.0(-1.41%)","1,868,178"
"4667","アイサンテクノロジー","東S","3625","+225.0(+6.62%)","2,425,907"
"4676","フジ・メディアＨＬＤＧ","東P","4022.0","-40.0(-0.98%)","2,154,987"
"4680","ラウンドワン","東P","1196.5","-1.5(-0.13%)","3,060,708"
"4681","リゾートトラスト","東P","1767.0","-28.0(-1.56%)","946,760"
"4684","オービック","東P","4822.0","-82.0(-1.67%)","8,823,177"
"4689","ＬＩＮＥヤフー","東P","516.4","-10.5(-1.99%)","10,188,840"
"4704","トレンドマイクロ","東P","5626.0","-172.0(-2.97%)","6,451,691"
"4716","日本オラクル","東S","8850.0","-132.0(-1.47%)","1,916,833"
"4722","フューチャー","東P","2421","-25.0(-1.02%)","2,062,578"
"4732","ユー・エス・エス","東P","1914.5","-33.0(-1.69%)","1,885,228"
"4733","オービックビジネスコンサルタン","東P","8010.0","-212.0(-2.58%)","1,483,316"
"4746","東計電算","東S","6940","-40.0(-0.57%)","541,202"
"4751","サイバーエージェント","東P","1217.5","-19.5(-1.58%)","8,233,575"
"4755","楽天グループ","東P","718.0","-18.0(-2.45%)","13,879,947"
"4768","大塚商会","東P","3500.0","-12.0(-0.34%)","3,957,748"
"4776","サイボウズ","東P","2887","-113.0(-3.77%)","968,194"
"4784","ＧＭＯインターネット","東P","524","-5.0(-0.95%)","1,316,698"
"4812","電通総研","東P","2854","+1.0(+0.04%)","3,364,989"
"4816","東映アニメーション","東S","2975","-30.0(-1.00%)","1,142,589"
"4819","デジタルガレージ","東P","2219","+29.0(+1.32%)","596,587"
"4887","サワイグループＨＬＤＧ","東P","1587.5","-8.0(-0.50%)","874,573"
"4901","富士フイルムＨＬＤＧ","東P","3199.0","+2.0(+0.06%)","15,506,609"
"4902","コニカミノルタ","東P","574.9","-12.9(-2.19%)","2,336,433"
"4911","資生堂","東P","3351.0","+1.0(+0.03%)","8,828,136"
"4912","ライオン","東P","1775.5","-33.0(-1.82%)","2,461,859"
"4919","ミルボン","東P","3120","+5.0(+0.16%)","662,772"
"4922","コーセーＨＬＤＧ","東P","5559.0","-91.0(-1.61%)","1,679,271"
"4927","ポーラ・オルビスＨＬＤＧ","東P","1332.0","-12.0(-0.89%)","626,706"
"4966","上村工業","東S","19250","+560.0(+3.00%)","1,343,514"
"4967","小林製薬","東P","5700.0","-213.0(-3.60%)","1,149,452"
"4968","荒川化学工業","東P","2132","+116.0(+5.75%)","540,539"
"4970","東洋合成工業","東S","10200","+320.0(+3.24%)","1,036,628"
"4971","メック","東P","6220","+110.0(+1.80%)","3,040,318"
"4975","ＪＣＵ","東P","5630","+110.0(+1.99%)","632,326"
"4980","デクセリアルズ","東P","2845.0","+65.5(+2.36%)","4,409,954"
"5016","ＪＸ金属","東P","3909.0","+183.0(+4.91%)","66,739,537"
"5019","出光興産","東P","1660.0","+117.0(+7.58%)","6,313,055"
"5020","ＥＮＥＯＳ　ＨＬＤＧ","東P","1459.0","+65.5(+4.70%)","9,807,827"
"5021","コスモエネルギーＨＬＤＧ","東P","4520.0","+85.0(+1.92%)","2,328,370"
"5032","ＡＮＹＣＯＬＯＲ","東P","2855","-88.0(-2.99%)","1,404,342"
"5074","テスＨＬＤＧ","東P","612","+18.0(+3.03%)","1,040,521"
"5076","インフロニア・ＨＬＤＧ","東P","2800.0","+51.5(+1.87%)","3,932,976"
"5101","横浜ゴム","東P","6835.0","+26.0(+0.38%)","6,147,534"
"5105","ＴＯＹＯ　ＴＩＲＥ","東P","3584.0","+56.0(+1.59%)","5,392,945"
"5108","ブリヂストン","東P","3759.0","-38.0(-1.00%)","12,696,127"
"5110","住友ゴム工業","東P","2027.5","+42.5(+2.14%)","3,921,763"
"5201","ＡＧＣ","東P","5581.0","+129.0(+2.37%)","7,134,791"
"5202","日本板硝子","東P","494","+1.0(+0.20%)","1,058,213"
"5208","有沢製作所","東P","2615","+96.0(+3.81%)","557,297"
"5214","日本電気硝子","東P","4791.0","+105.0(+2.24%)","3,122,224"
"5232","住友大阪セメント","東P","5635.0","+138.0(+2.51%)","1,047,583"
"5233","太平洋セメント","東P","4136.0","-14.0(-0.34%)","1,685,411"
"5301","東海カーボン","東P","1980.0","+168.0(+9.27%)","2,692,365"
"5310","東洋炭素","東P","6950","+150.0(+2.21%)","564,506"
"5331","ノリタケ","東P","3500","+20.0(+0.57%)","684,978"
"5332","ＴＯＴＯ","東P","5803.0","-1.0(-0.02%)","5,684,275"
"5333","ＮＧＫ","東P","5138.0","+113.0(+2.25%)","7,540,852"
"5334","日本特殊陶業","東P","7446.0","+2.0(+0.03%)","8,884,642"
"5344","ＭＡＲＵＷＡ","東P","57740.0","+1,600.0(+2.85%)","5,468,918"
"5384","フジミインコーポレーテッド","東P","3350","+65.0(+1.98%)","1,117,131"
"5393","ニチアス","東P","3330.0","+65.0(+1.99%)","1,722,140"
"5401","日本製鉄","東P","675.9","-2.0(-0.30%)","27,390,509"
"5406","神戸製鋼所","東P","2035.0","+34.0(+1.70%)","3,378,196"
"5411","ＪＦＥＨＬＤＧ","東P","1830.0","+6.5(+0.36%)","15,727,170"
"5423","東京製鐵","東P","1702","+17.0(+1.01%)","513,204"
"543A","ＡＲＣＨＩＯＮ","東P","268","-3.0(-1.11%)","6,360,769"
"5444","大和工業","東P","12175.0","+145.0(+1.21%)","2,006,580"
"5463","丸一鋼管","東P","1736.0","+7.5(+0.43%)","1,319,435"
"5471","大同特殊鋼","東P","2385.5","+52.5(+2.25%)","2,442,957"
"547A","ムニノバＨＬＤＧ","東P","416","-6.0(-1.42%)","768,328"
"5541","大平洋金属","東P","2651","+112.0(+4.41%)","567,596"
"5631","日本製鋼所","東P","7312.0","+262.0(+3.72%)","5,739,946"
"5703","日本軽金属ＨＬＤＧ","東P","2975","+45.0(+1.54%)","698,146"
"5706","三井金属","東P","26200.0","+1,295.0(+5.20%)","43,919,143"
"5707","東邦亜鉛","東P","1045","+50.0(+5.03%)","1,424,274"
"5711","三菱マテリアル","東P","5386.0","+279.0(+5.46%)","16,329,326"
"5713","住友金属鉱山","東P","10370.0","+603.0(+6.17%)","34,652,375"
"5714","ＤＯＷＡ　ＨＬＤＧ","東P","9456.0","+455.0(+5.05%)","5,289,713"
"5715","古河機械金属","東P","4380","+200.0(+4.78%)","1,537,895"
"5724","アサカ理研","東S","3245","+145.0(+4.68%)","748,528"
"5726","大阪チタニウムテクノロジーズ","東P","2665","+11.0(+0.41%)","1,800,803"
"5741","ＵＡＣＪ","東P","2261","+50.0(+2.26%)","2,456,989"
"5801","古河電気工業","東P","4129.0","+463.0(+12.63%)","105,786,207"
"5802","住友電気工業","東P","2189.5","+118.5(+5.72%)","41,761,452"
"5803","フジクラ","東P","5493.0","+410.0(+8.07%)","283,214,075"
"5805","ＳＷＣＣ","東P","14660","+1,050.0(+7.71%)","5,266,219"
"5830","いよぎんＨＬＤＧ","東P","3721.0","-97.0(-2.54%)","3,421,910"
"5831","しずおかＦＧ","東P","3440.0","-122.0(-3.43%)","6,432,797"
"5832","ちゅうぎんＦＧ","東P","3406.0","-32.0(-0.93%)","1,005,359"
"5838","楽天銀行","東P","6336.0","-187.0(-2.87%)","7,112,608"
"5844","京都ＦＧ","東P","4753.0","-67.0(-1.39%)","4,250,617"
"5857","ＡＲＥＨＬＤＧ","東P","3750","+75.0(+2.04%)","3,117,310"
"5901","東洋製罐グループＨＬＤＧ","東P","4502.0","-6.0(-0.13%)","1,157,751"
"5929","三和ＨＬＤＧ","東P","3473.0","-37.0(-1.05%)","2,027,861"
"5938","ＬＩＸＩＬ","東P","1733.0","-11.5(-0.66%)","3,172,592"
"5947","リンナイ","東P","3460.0","-31.0(-0.89%)","1,041,076"
"5985","サンコール","東S","2199","+78.0(+3.68%)","3,556,251"
"5991","ニッパツ","東P","3325.0","+64.0(+1.96%)","2,141,904"
"6005","三浦工業","東P","3082.0","-102.0(-3.20%)","1,174,126"
"6013","タクマ","東P","2966","+1.0(+0.03%)","545,844"
"6016","ジャパンエンジン","東S","11710","+290.0(+2.54%)","1,341,027"
"6023","ダイハツインフィニアース","東S","3250","-30.0(-0.91%)","513,842"
"6027","弁護士ドットコム","東P","5290","+335.0(+6.76%)","2,588,362"
"6036","ＫｅｅＰｅｒ技研","東P","3635","+45.0(+1.25%)","633,859"
"604A","ビーエイブル","東S","1219","+25.0(+2.09%)","678,208"
"6055","ジャパンマテリアル","東P","2143","-53.0(-2.41%)","1,202,070"
"6058","ベクトル","東P","1932","-85.0(-4.21%)","1,027,456"
"6072","地盤ネットＨＬＤＧ","東S","1068","+36.0(+3.49%)","571,039"
"6098","リクルートＨＬＤＧ","東P","15305.0","-385.0(-2.45%)","66,823,236"
"6101","ツガミ","東P","5030","+180.0(+3.71%)","1,767,497"
"6103","オークマ","東P","4330","+10.0(+0.23%)","1,934,727"
"6104","芝浦機械","東P","4215","-10.0(-0.24%)","549,528"
"6113","アマダ","東P","2433.0","+36.0(+1.50%)","5,089,922"
"6134","ＦＵＪＩ","東P","6999.0","+309.0(+4.62%)","4,763,602"
"6135","牧野フライス製作所","東P","14760","-90.0(-0.61%)","2,335,698"
"6136","オーエスジー","東P","3482.0","+57.0(+1.66%)","1,161,948"
"6140","旭ダイヤモンド工業","東P","1149","+15.0(+1.32%)","649,408"
"6141","ＤＭＧ森精機","東P","2784.5","+26.5(+0.96%)","6,962,388"
"6143","ソディック","東P","1682","+59.0(+3.64%)","788,480"
"6146","ディスコ","東P","53590.0","-300.0(-0.56%)","78,078,658"
"6178","日本郵政","東P","2400.0","-45.0(-1.84%)","12,474,576"
"6196","ストライクグループ","東P","1397","+3.0(+0.22%)","614,914"
"6203","豊和工業","東S","2140","-8.0(-0.37%)","5,722,798"
"6227","ＡＩメカテック","東S","6440","-60.0(-0.92%)","5,367,130"
"6235","オプトラン","東P","2466","+16.0(+0.65%)","1,114,606"
"6237","イワキポンプ","東P","3835","+65.0(+1.72%)","560,875"
"6254","野村マイクロ・サイエンス","東P","3360","+20.0(+0.60%)","1,896,262"
"6258","平田機工","東P","3575","-10.0(-0.28%)","1,175,402"
"6264","マルマエ","東P","1908","-25.0(-1.29%)","1,113,515"
"6266","タツモ","東P","3475","+0.0(+0.00%)","1,043,484"
"6268","ナブテスコ","東P","4530.0","+193.0(+4.45%)","4,054,088"
"6269","三井海洋開発","東P","9574.0","+123.0(+1.30%)","6,572,557"
"6273","ＳＭＣ","東P","67890.0","+2,240.0(+3.41%)","19,118,279"
"6278","ユニオンツール","東P","13570","+570.0(+4.38%)","3,233,360"
"6301","小松製作所","東P","7418.0","+28.0(+0.38%)","17,873,196"
"6302","住友重機械工業","東P","5700.0","+113.0(+2.02%)","4,449,829"
"6305","日立建機","東P","5811.0","+61.0(+1.06%)","14,121,783"
"6315","ＴＯＷＡ","東P","2189","+2.0(+0.09%)","8,829,861"
"6323","ローツェ","東P","3669.0","+14.0(+0.38%)","5,494,024"
"6324","ハーモニック・ドライブ・システ","東P","5820","+120.0(+2.11%)","6,456,642"
"6326","クボタ","東P","2837.5","+48.0(+1.72%)","13,224,004"
"6327","北川精機","東S","3065","-35.0(-1.13%)","1,790,764"
"6330","東洋エンジニアリング","東P","2891","+177.0(+6.52%)","18,297,894"
"6340","澁谷工業","東P","5300","+150.0(+2.91%)","619,144"
"6361","荏原製作所","東P","4392.0","-5.0(-0.11%)","17,276,427"
"6366","千代田化工建設","東S","736","+23.0(+3.23%)","1,311,388"
"6367","ダイキン工業","東P","20835.0","+375.0(+1.83%)","22,662,557"
"6368","オルガノ","東P","12550.0","+135.0(+1.09%)","2,932,295"
"6370","栗田工業","東P","7574.0","+75.0(+1.00%)","4,459,124"
"6376","日機装","東P","3420","+15.0(+0.44%)","2,784,810"
"6379","レイズネクスト","東P","2961","-11.0(-0.37%)","538,692"
"6383","ダイフク","東P","5631.0","+86.0(+1.55%)","10,776,590"
"6387","サムコ","東P","8670","+120.0(+1.40%)","872,533"
"6407","ＣＫＤ","東P","5310","+260.0(+5.15%)","3,575,449"
"6412","平和","東P","2134","-4.0(-0.19%)","546,206"
"6417","ＳＡＮＫＹＯ","東P","1986.5","-25.0(-1.24%)","1,734,489"
"6432","竹内製作所","東P","7260","+20.0(+0.28%)","1,427,516"
"6436","アマノ","東P","3841.0","-47.0(-1.21%)","782,571"
"6448","ブラザー工業","東P","4382.0","-68.0(-1.53%)","4,758,996"
"6457","グローリー","東P","4315.0","-88.0(-2.00%)","978,595"
"6460","セガサミーＨＬＤＧ","東P","3146.0","+14.0(+0.45%)","2,843,957"
"6465","ホシザキ","東P","5338.0","-112.0(-2.06%)","1,583,900"
"6471","日本精工","東P","1060.5","+0.0(+0.00%)","2,149,624"
"6472","ＮＴＮ","東P","370.9","+0.9(+0.24%)","1,078,653"
"6473","ジェイテクト","東P","2037.5","+27.0(+1.34%)","2,420,216"
"6479","ミネベアミツミ","東P","3377.0","+51.0(+1.53%)","8,729,487"
"6480","日本トムソン","東P","1653","+9.0(+0.55%)","1,436,469"
"6481","ＴＨＫ","東P","6149.0","+99.0(+1.64%)","6,210,684"
"6490","ＰＩＬＬＡＲ","東P","9530","+370.0(+4.04%)","1,111,487"
"6498","キッツ","東P","1937","+41.0(+2.16%)","892,648"
"6501","日立製作所","東P","5173.0","-14.0(-0.27%)","51,367,527"
"6503","三菱電機","東P","5168.0","+102.0(+2.01%)","30,244,462"
"6504","富士電機","東P","13110.0","+350.0(+2.74%)","9,320,920"
"6506","安川電機","東P","4503.0","+47.0(+1.05%)","17,318,048"
"6507","シンフォニア　テクノロジー","東P","12010","+430.0(+3.71%)","1,988,355"
"6508","明電舎","東P","10810","+400.0(+3.84%)","3,548,224"
"6516","山洋電気","東P","5180","+110.0(+2.17%)","511,347"
"6523","ＰＨＣＨＬＤＧ","東P","1264","-26.0(-2.02%)","1,164,608"
"6524","湖北工業","東S","5010","+380.0(+8.21%)","1,276,253"
"6525","ＫＯＫＵＳＡＩ　ＥＬＥＣＴＲＩ","東P","8675.0","-107.0(-1.22%)","67,997,205"
"6526","ソシオネクスト","東P","1867.0","-34.5(-1.81%)","12,283,602"
"6532","ベイカレント","東P","7215.0","-120.0(-1.64%)","7,996,771"
"6544","ジャパンエレベーターサービスＨ","東P","1468.5","-4.5(-0.31%)","1,054,187"
"6586","マキタ","東P","5211.0","+10.0(+0.19%)","3,938,381"
"6590","芝浦メカトロニクス","東P","3960","+50.0(+1.28%)","5,748,993"
"6592","マブチモーター","東P","1683.5","+6.0(+0.36%)","2,798,656"
"6594","ニデック","東P","2591","-131.0(-4.81%)","10,244,128"
"6617","東光高岳","東P","6730","+230.0(+3.54%)","704,300"
"6622","ダイヘン","東P","12500","+390.0(+3.22%)","2,184,103"
"6627","テラプローブ","東S","10790","+190.0(+1.79%)","1,685,175"
"6632","ＪＶＣケンウッド","東P","963.6","+7.8(+0.82%)","1,255,763"
"6645","オムロン","東P","6037.0","+57.0(+0.95%)","8,212,906"
"6674","ジーエスユアサコーポレーション","東P","5229.0","+248.0(+4.98%)","3,551,473"
"6701","日本電気","東P","4503.0","-76.0(-1.66%)","31,212,567"
"6702","富士通","東P","3745.0","-30.0(-0.79%)","21,902,507"
"6703","沖電気工業","東P","2687","+51.0(+1.93%)","1,749,887"
"6707","サンケン電気","東P","6749.0","-22.0(-0.32%)","1,316,301"
"6723","ルネサスエレクトロニクス","東P","3315.0","+63.0(+1.94%)","37,109,926"
"6724","セイコーエプソン","東P","3001.0","+29.0(+0.98%)","4,431,005"
"6728","アルバック","東P","7062.0","+32.0(+0.46%)","5,776,711"
"6730","アクセル","東S","1118","-23.0(-2.02%)","1,033,461"
"6736","サン電子","東S","9240","+190.0(+2.10%)","557,719"
"6737","ＥＩＺＯ","東P","3030","+33.0(+1.10%)","504,534"
"6752","パナソニック　ＨＬＤＧ","東P","4179.0","+15.0(+0.36%)","33,237,838"
"6753","シャープ","東P","629.6","+4.1(+0.66%)","1,906,558"
"6754","アンリツ","東P","3178.0","+93.0(+3.01%)","3,352,554"
"6758","ソニーグループ","東P","3625.0","-29.0(-0.79%)","54,575,999"
"6762","ＴＤＫ","東P","2812.5","+37.5(+1.35%)","24,532,940"
"6768","タムラ製作所","東P","783","+29.0(+3.85%)","729,072"
"6770","アルプスアルパイン","東P","2124.0","+54.5(+2.63%)","3,271,836"
"6777","ｓａｎｔｅｃ　ＨＬＤＧ","東S","20270","+1,260.0(+6.63%)","2,425,505"
"6779","日本電波工業","東P","2737","+218.0(+8.65%)","2,062,855"
"6787","メイコー","東P","19150","+330.0(+1.75%)","8,809,946"
"6800","ヨコオ","東P","3880","+170.0(+4.58%)","576,223"
"6804","ホシデン","東P","2540","-2.0(-0.08%)","586,652"
"6806","ヒロセ電機","東P","23885.0","+150.0(+0.63%)","4,653,430"
"6807","日本航空電子工業","東P","2448","+15.0(+0.62%)","584,826"
"6810","マクセル","東P","2583","+122.0(+4.96%)","704,528"
"6814","古野電気","東P","7480","-110.0(-1.45%)","1,999,286"
"6834","精工技研","東S","5470","+370.0(+7.25%)","6,843,267"
"6841","横河電機","東P","4637.0","+119.0(+2.63%)","5,354,952"
"6845","アズビル","東P","1454.0","+3.0(+0.21%)","2,039,210"
"6849","日本光電工業","東P","1464.5","-25.5(-1.71%)","1,106,966"
"6855","日本電子材料","東S","6570","+90.0(+1.39%)","4,002,659"
"6856","堀場製作所","東P","21885.0","+275.0(+1.27%)","4,550,291"
"6857","アドバンテスト","東P","32840.0","-960.0(-2.84%)","289,829,067"
"6861","キーエンス","東P","76280.0","-480.0(-0.63%)","40,735,579"
"6862","ミナトＨＬＤＧ","東S","4510","+160.0(+3.68%)","2,034,314"
"6869","シスメックス","東P","1818.0","-27.0(-1.46%)","4,866,754"
"6871","日本マイクロニクス","東P","12760","+450.0(+3.66%)","18,127,165"
"6875","メガチップス","東P","10710","+180.0(+1.71%)","1,212,360"
"6890","フェローテック","東S","9370","+240.0(+2.63%)","12,007,704"
"6902","デンソー","東P","1888.5","+9.5(+0.51%)","13,112,179"
"6914","オプテックスグループ","東P","3055","+55.0(+1.83%)","513,603"
"6920","レーザーテック","東P","35280.0","+370.0(+1.06%)","98,268,548"
"6923","スタンレー電気","東P","3420.0","-29.0(-0.84%)","1,633,259"
"6925","ウシオ電機","東P","3641.0","+18.0(+0.50%)","1,563,712"
"6941","山一電機","東P","7630","+420.0(+5.83%)","2,433,404"
"6946","日本アビオニクス","東S","6380","+270.0(+4.42%)","953,080"
"6951","日本電子","東P","7329.0","+500.0(+7.32%)","2,717,072"
"6952","カシオ計算機","東P","2081.0","-27.5(-1.30%)","4,102,124"
"6954","ファナック","東P","5848.0","+51.0(+0.88%)","30,321,331"
"6958","日本シイエムケイ","東P","724","+8.0(+1.12%)","725,530"
"6960","フクダ電子","東S","11710","-150.0(-1.26%)","678,200"
"6961","エンプラス","東P","9950","+210.0(+2.16%)","1,612,125"
"6963","ローム","東P","4896.0","+21.0(+0.43%)","15,231,259"
"6965","浜松ホトニクス","東P","2244.0","+19.0(+0.85%)","5,721,613"
"6966","三井ハイテック","東P","899","-4.0(-0.44%)","1,338,841"
"6971","京セラ","東P","3406.0","+9.0(+0.26%)","14,897,070"
"6976","太陽誘電","東P","8972.0","-74.0(-0.82%)","248,128,437"
"6981","村田製作所","東P","7128.0","+105.0(+1.50%)","165,904,309"
"6988","日東電工","東P","3175.0","-4.0(-0.13%)","8,271,635"
"6996","ニチコン","東P","2535","+61.0(+2.47%)","2,486,074"
"6997","日本ケミコン","東P","2731","+103.0(+3.92%)","2,380,395"
"6999","ＫＯＡ","東P","2128","+19.0(+0.90%)","1,269,093"
"7003","三井Ｅ＆Ｓ","東P","4484.0","+80.0(+1.82%)","8,925,449"
"7004","カナデビア","東P","1154","+12.0(+1.05%)","1,137,094"
"7011","三菱重工業","東P","3813.0","+105.0(+2.83%)","60,742,084"
"7012","川崎重工業","東P","2418.0","+32.5(+1.36%)","28,236,804"
"7013","ＩＨＩ","東P","2800.5","+158.5(+6.00%)","32,026,124"
"7014","名村造船所","東S","4895","+30.0(+0.62%)","7,912,022"
"7085","カーブスＨＬＤＧ","東P","883","-22.0(-2.43%)","633,534"
"7148","ＦＰＧ","東P","1675","-42.0(-2.45%)","795,958"
"7157","ライフネット生命保険","東P","1376","-39.0(-2.76%)","518,103"
"7164","全国保証","東P","3109.0","-53.0(-1.68%)","916,796"
"7167","めぶきフィナンシャルグループ","東P","1640.0","-32.5(-1.94%)","4,212,633"
"7173","東京きらぼしＦＧ","東P","1636","-34.0(-2.04%)","1,738,716"
"7180","九州ＦＧ","東P","1568.0","-17.5(-1.10%)","1,579,790"
"7181","かんぽ生命保険","東P","1706.5","-22.0(-1.27%)","3,852,238"
"7182","ゆうちょ銀行","東P","3210.0","-70.0(-2.13%)","18,608,623"
"7184","富山第一銀行","東P","3245","-20.0(-0.61%)","590,734"
"7186","横浜ＦＧ","東P","1853.0","-38.5(-2.04%)","6,889,204"
"7189","西日本フィナンシャルＨＬＤＧ","東P","4716.0","-99.0(-2.06%)","1,997,002"
"7201","日産自動車","東P","307.3","+4.8(+1.59%)","12,533,346"
"7202","いすゞ自動車","東P","2168.0","+38.5(+1.81%)","5,839,631"
"7203","トヨタ自動車","東P","2971.0","+2.5(+0.08%)","69,678,420"
"7211","三菱自動車工業","東P","356.7","+10.8(+3.12%)","3,894,392"
"7220","武蔵精密工業","東P","2776","+92.0(+3.43%)","2,802,328"
"7240","ＮＯＫ","東P","2960.5","+34.5(+1.18%)","962,260"
"7259","アイシン","東P","2186.5","+15.5(+0.71%)","4,818,464"
"7261","マツダ","東P","1118.0","+19.5(+1.78%)","8,271,581"
"7267","本田技研工業","東P","1620.0","+9.5(+0.59%)","26,813,873"
"7269","スズキ","東P","1989.5","+9.5(+0.48%)","12,611,813"
"7270","ＳＵＢＡＲＵ","東P","2555.5","+16.0(+0.63%)","10,413,974"
"7272","ヤマハ発動機","東P","1742.5","+3.0(+0.17%)","12,512,241"
"7276","小糸製作所","東P","2594.5","+35.5(+1.39%)","2,120,366"
"7278","エクセディ","東P","5890","-20.0(-0.34%)","1,337,060"
"7282","豊田合成","東P","5089.0","+36.0(+0.71%)","2,292,709"
"7296","エフ・シー・シー","東P","4045","+75.0(+1.89%)","557,245"
"7309","シマノ","東P","18275.0","-175.0(-0.95%)","4,845,959"
"7313","テイ・エス　テック","東P","1803.0","+7.5(+0.42%)","502,139"
"7322","三十三ＦＧ","東P","2076","-17.0(-0.81%)","735,832"
"7327","第四北越ＦＧ","東P","2553","-46.0(-1.77%)","1,903,538"
"7337","ひろぎんＨＬＤＧ","東P","2301.5","-34.0(-1.46%)","1,342,884"
"7350","おきなわＦＧ","東P","7520","-120.0(-1.57%)","919,430"
"7380","十六ＦＧ","東P","2538","-34.0(-1.32%)","1,154,850"
"7389","あいちＦＧ","東P","1875","-21.0(-1.11%)","1,912,101"
"7419","ノジマ","東P","1233","-9.0(-0.72%)","852,022"
"7453","良品計画","東P","4085.0","-51.0(-1.23%)","10,777,636"
"7456","松田産業","東P","7470","+260.0(+3.61%)","952,795"
"7459","メディパルＨＬＤＧ","東P","2878.5","-53.5(-1.82%)","1,418,197"
"7513","コジマ","東P","1412","-1.0(-0.07%)","570,681"
"7532","パン・パシフィック・インターナ","東P","755.6","-22.1(-2.84%)","13,862,735"
"7545","西松屋チェーン","東P","1951","-44.0(-2.21%)","650,984"
"7550","ゼンショーＨＬＤＧ","東P","11735.0","-90.0(-0.76%)","5,561,629"
"7552","ハピネット","東P","3705","-45.0(-1.20%)","747,354"
"7564","ワークマン","東S","5880","-110.0(-1.84%)","2,519,988"
"7581","サイゼリヤ","東P","7220","-260.0(-3.48%)","2,827,410"
"7599","ＩＤＯＭ","東P","1219","-12.0(-0.97%)","1,483,033"
"7606","ユナイテッドアローズ","東P","2326","-30.0(-1.27%)","513,861"
"7609","ダイトロン","東P","3935","+60.0(+1.55%)","524,967"
"7611","ハイデイ日高","東P","3020","-30.0(-0.98%)","835,335"
"7616","コロワイド","東P","2040.0","-13.5(-0.66%)","757,260"
"7630","壱番屋","東P","1100","+13.0(+1.20%)","817,926"
"7649","スギＨＬＤＧ","東P","1307.0","-16.0(-1.21%)","3,021,378"
"7701","島津製作所","東P","3762.0","-4.0(-0.11%)","2,993,195"
"7715","長野計器","東P","3900","-5.0(-0.13%)","572,722"
"7716","ナカニシ","東S","3080","+30.0(+0.98%)","876,788"
"7717","ブイ・テクノロジー","東P","5730","+90.0(+1.60%)","1,029,632"
"7721","東京計器","東P","7000","+80.0(+1.16%)","1,797,427"
"7729","東京精密","東P","16720.0","+35.0(+0.21%)","6,301,814"
"7731","ニコン","東P","1740.0","-76.0(-4.19%)","3,009,833"
"7733","オリンパス","東P","1928.5","-36.5(-1.86%)","9,707,634"
"7735","ＳＣＲＥＥＮ　ＨＬＤＧ","東P","13020.0","-250.0(-1.88%)","27,024,229"
"7740","タムロン","東P","1345","-10.0(-0.74%)","626,269"
"7741","ＨＯＹＡ","東P","23210.0","-115.0(-0.49%)","24,078,470"
"7744","ノーリツ鋼機","東P","1960","-10.0(-0.51%)","720,624"
"7747","朝日インテック","東P","3261.0","-52.0(-1.57%)","5,838,954"
"7751","キヤノン","東P","4317.0","-45.0(-1.03%)","13,825,577"
"7752","リコー","東P","1539.0","-28.0(-1.79%)","3,931,341"
"7762","シチズン時計","東P","2259","-61.0(-2.63%)","5,403,637"
"7826","フルヤ金属","東P","11250","+820.0(+7.86%)","4,936,943"
"7832","バンダイナムコＨＬＤＧ","東P","5382.0","+29.0(+0.54%)","14,197,125"
"7846","パイロットコーポレーション","東P","2024.5","-2.5(-0.12%)","752,426"
"7867","タカラトミー","東P","3560.0","+27.0(+0.76%)","1,504,119"
"7906","ヨネックス","東S","2543","+12.0(+0.47%)","1,223,893"
"7911","ＴＯＰＰＡＮＨＬＤＧ","東P","5070.0","+50.0(+1.00%)","9,801,693"
"7912","大日本印刷","東P","3055.0","+20.0(+0.66%)","4,116,576"
"7936","アシックス","東P","4100.0","+51.0(+1.26%)","31,662,493"
"7947","エフピコ","東P","2796","-17.0(-0.60%)","517,276"
"7951","ヤマハ","東P","1230.0","-22.5(-1.80%)","2,673,345"
"7956","ピジョン","東P","1938.5","-29.5(-1.50%)","2,008,054"
"7966","リンテック","東P","5330","+220.0(+4.31%)","6,976,390"
"7974","任天堂","東P","8401.0","-349.0(-3.99%)","75,033,352"
"7984","コクヨ","東P","915.0","+2.1(+0.23%)","759,204"
"7988","ニフコ","東P","4921.0","-8.0(-0.16%)","1,300,100"
"8001","伊藤忠商事","東P","2299.0","+22.0(+0.97%)","28,544,084"
"8002","丸紅","東P","5145.0","+65.0(+1.28%)","18,642,512"
"8012","長瀬産業","東P","1150.5","+38.0(+3.42%)","1,194,425"
"8015","豊田通商","東P","7517.0","+35.0(+0.47%)","14,314,354"
"8016","オンワードＨＬＤＧ","東P","705","-3.0(-0.42%)","621,766"
"8020","兼松","東P","2265.5","+14.5(+0.64%)","1,168,565"
"8022","美津濃","東P","4040","-5.0(-0.12%)","994,031"
"8031","三井物産","東P","5156.0","+63.0(+1.24%)","28,314,030"
"8035","東京エレクトロン","東P","53700.0","-300.0(-0.56%)","155,744,025"
"8050","セイコーグループ","東P","9440","+160.0(+1.72%)","5,537,942"
"8053","住友商事","東P","1840.0","+1.5(+0.08%)","17,343,898"
"8056","ＢＩＰＲＯＧＹ","東P","4621.0","-36.0(-0.77%)","1,943,983"
"8058","三菱商事","東P","5038.0","+111.0(+2.25%)","35,471,591"
"8060","キヤノンマーケティングジャパン","東P","3541.0","-19.0(-0.53%)","1,561,656"
"8078","阪和興業","東P","1935","+21.0(+1.10%)","887,954"
"8086","ニプロ","東P","1430.0","-30.0(-2.05%)","1,067,950"
"8088","岩谷産業","東P","2177.0","+47.5(+2.23%)","1,501,913"
"8111","ゴールドウイン","東P","2095.0","-12.5(-0.59%)","1,119,607"
"8113","ユニ・チャーム","東P","944.1","-22.4(-2.32%)","4,452,608"
"8117","中央自動車工業","東S","2134","-5.0(-0.23%)","690,866"
"8136","サンリオ","東P","1192.5","-59.5(-4.75%)","26,637,135"
"8154","加賀電子","東P","4795","+70.0(+1.48%)","686,357"
"8173","Ｊｏｓｈｉｎ","東P","4150","+30.0(+0.73%)","707,419"
"8174","日本瓦斯","東P","3076.0","-5.0(-0.16%)","632,618"
"8194","ライフコーポレーション","東P","2697","-41.0(-1.50%)","533,823"
"8227","しまむら","東P","3229.0","-67.0(-2.03%)","2,309,979"
"8233","高島屋","東P","2101.0","-16.0(-0.76%)","4,210,659"
"8237","松屋","東P","2279","+42.0(+1.88%)","1,573,812"
"8242","エイチ・ツー・オー　リテイリン","東P","2837.0","-18.0(-0.63%)","1,065,938"
"8252","丸井グループ","東P","2862.0","-36.0(-1.24%)","2,902,343"
"8253","クレディセゾン","東P","4555.0","-19.0(-0.42%)","3,210,223"
"8267","イオン","東P","1383.5","-38.5(-2.71%)","13,833,398"
"8273","イズミ","東P","992","-10.0(-1.00%)","898,496"
"8276","平和堂","東P","2676","-13.0(-0.48%)","686,522"
"8282","ケーズＨＬＤＧ","東P","1837.0","-26.5(-1.42%)","1,161,346"
"8303","ＳＢＩ新生銀行","東P","1521.5","-26.5(-1.71%)","4,302,801"
"8304","あおぞら銀行","東P","3358.0","-23.0(-0.68%)","5,043,083"
"8306","三菱ＵＦＪ　ＦＧ","東P","3601.0","-55.0(-1.50%)","130,569,217"
"8308","りそなＨＬＤＧ","東P","2412.0","-79.0(-3.17%)","22,257,277"
"8309","三井住友トラストグループ","東P","1730.0","-26.5(-1.51%)","14,908,424"
"8316","三井住友ＦＧ","東P","6801.0","-127.0(-1.83%)","73,452,302"
"8331","千葉銀行","東P","2681.5","-70.0(-2.54%)","6,236,862"
"8334","群馬銀行","東P","2799.5","-59.5(-2.08%)","2,908,809"
"8336","武蔵野銀行","東P","2712","-22.0(-0.80%)","680,207"
"8338","筑波銀行","東P","717","-22.0(-2.98%)","1,506,689"
"8341","七十七銀行","東P","3845.0","-40.0(-1.03%)","2,313,184"
"8343","秋田銀行","東P","8930","-70.0(-0.78%)","1,233,321"
"8344","山形銀行","東P","4555","-55.0(-1.19%)","627,524"
"8345","岩手銀行","東P","2491","-19.0(-0.76%)","747,489"
"8346","東邦銀行","東P","969","-7.0(-0.72%)","851,363"
"8354","ふくおかＦＧ","東P","7592.0","-138.0(-1.79%)","4,274,086"
"8358","スルガ銀行","東P","2839","-69.0(-2.37%)","2,193,590"
"8359","八十二長野銀行","東P","2622.5","-104.5(-3.83%)","3,142,969"
"8360","山梨中央銀行","東P","6850","-150.0(-2.14%)","981,380"
"8361","大垣共立銀行","東P","7860","-90.0(-1.13%)","1,349,720"
"8362","福井銀行","東P","7000","-190.0(-2.64%)","590,415"
"8366","滋賀銀行","東P","2760","-46.0(-1.64%)","1,741,745"
"8367","南都銀行","東P","1882","-15.0(-0.79%)","751,304"
"8368","百五銀行","東P","2282","-18.0(-0.78%)","1,888,468"
"8370","紀陽銀行","東P","4990","-60.0(-1.19%)","653,009"
"8377","ほくほくＦＧ","東P","7910.0","-166.0(-2.06%)","3,185,727"
"8381","山陰合同銀行","東P","2514","-36.0(-1.41%)","957,793"
"8386","百十四銀行","東P","2973","-27.0(-0.90%)","871,677"
"8387","四国銀行","東P","3745","+0.0(+0.00%)","520,566"
"8388","阿波銀行","東P","9710","-120.0(-1.22%)","1,615,572"
"8392","大分銀行","東P","2910","-42.0(-1.42%)","784,118"
"8393","宮崎銀行","東P","2571","+9.0(+0.35%)","677,615"
"8410","セブン銀行","東P","332.8","-4.5(-1.33%)","1,447,132"
"8411","みずほＦＧ","東P","8476.0","-123.0(-1.43%)","70,676,364"
"8418","山口ＦＧ","東P","3110.0","-34.0(-1.08%)","1,385,470"
"8424","芙蓉総合リース","東P","4410.0","-37.0(-0.83%)","739,854"
"8425","みずほリース","東P","1343","-13.0(-0.96%)","777,188"
"8439","東京センチュリー","東P","2633.0","-34.0(-1.27%)","1,779,454"
"8473","ＳＢＩ　ＨＬＤＧ","東P","3217.0","-132.0(-3.94%)","12,877,355"
"8508","Ｊトラスト","東S","741","-11.0(-1.46%)","1,909,532"
"8511","日本証券金融","東P","2417","-40.0(-1.63%)","558,436"
"8522","名古屋銀行","東P","6880","-100.0(-1.43%)","973,125"
"8524","北洋銀行","東P","1263","-31.0(-2.40%)","1,867,681"
"8541","愛媛銀行","東P","3155","-30.0(-0.94%)","625,247"
"8544","京葉銀行","東P","2727","-54.0(-1.94%)","858,080"
"8550","栃木銀行","東P","1042","-19.0(-1.79%)","638,694"
"8570","イオンフィナンシャルサービス","東P","1592.0","-8.0(-0.50%)","1,070,579"
"8572","アコム","東S","478.0","-6.1(-1.26%)","525,007"
"8591","オリックス","東P","6021.0","-10.0(-0.17%)","20,432,481"
"8593","三菱ＨＣキャピタル","東P","1379.5","-11.0(-0.79%)","5,123,495"
"8595","ジャフコ　グループ","東P","2251.5","-28.5(-1.25%)","632,098"
"8600","トモニＨＬＤＧ","東P","1097","-8.0(-0.72%)","575,957"
"8601","大和証券グループ本社","東P","1797.0","-37.5(-2.04%)","7,969,465"
"8604","野村ＨＬＤＧ","東P","1616.0","-32.5(-1.97%)","13,918,887"
"8609","岡三証券グループ","東P","1208","-23.0(-1.87%)","645,815"
"8614","東洋証券","東P","720","-16.0(-2.17%)","500,461"
"8616","東海東京フィナンシャルＨＬＤＧ","東P","875","-10.0(-1.13%)","741,828"
"8628","松井証券","東P","1190","-16.0(-1.33%)","1,090,130"
"8630","ＳＯＭＰＯ　ＨＬＤＧ","東P","6578.0","-69.0(-1.04%)","14,972,336"
"8697","日本取引所グループ","東P","2200.0","-3.5(-0.16%)","7,280,107"
"8698","マネックスグループ","東P","717","-8.0(-1.10%)","1,217,168"
"8707","岩井コスモＨＬＤＧ","東P","4595","-65.0(-1.39%)","556,388"
"8714","池田泉州ＨＬＤＧ","東P","1042","-10.0(-0.95%)","864,098"
"8725","ＭＳ＆ＡＤインシュアランスＨＤ","東P","4947.0","-131.0(-2.58%)","19,869,170"
"8729","ソニーフィナンシャルグループ","東P","158.8","-3.5(-2.16%)","9,440,835"
"8750","第一ライフグループ","東P","1804.0","-18.5(-1.02%)","14,919,276"
"8766","東京海上ＨＬＤＧ","東P","7701.0","-170.0(-2.16%)","39,317,681"
"8795","Ｔ＆Ｄ　ＨＬＤＧ","東P","4700.0","-117.0(-2.43%)","6,970,976"
"8801","三井不動産","東P","1505.5","+0.0(+0.00%)","12,832,872"
"8802","三菱地所","東P","3682.0","+22.0(+0.60%)","13,357,747"
"8804","東京建物","東P","3335.0","-9.0(-0.27%)","2,273,365"
"8830","住友不動産","東P","3307.0","+63.0(+1.94%)","9,856,195"
"8848","レオパレス２１","東P","653","+3.0(+0.46%)","624,469"
"8876","リログループ","東P","2194.5","-53.0(-2.36%)","1,005,766"
"8897","ＭＩＲＡＲＴＨＨＬＤＧ","東P","442","-2.0(-0.45%)","528,252"
"8918","ランド","東S","10","-1.0(-9.09%)","3,630,891"
"8919","カチタス","東P","3480","-70.0(-1.97%)","774,603"
"8995","誠建設工業","東S","2048","-500.0(-19.62%)","751,383"
"9001","東武鉄道","東P","2926.0","+22.5(+0.77%)","1,855,310"
"9003","相鉄ＨＬＤＧ","東P","2603.5","-11.5(-0.44%)","681,839"
"9005","東急","東P","1655.5","+6.0(+0.36%)","3,693,118"
"9006","京浜急行電鉄","東P","1559.5","-2.0(-0.13%)","1,012,481"
"9007","小田急電鉄","東P","1789.5","-1.0(-0.06%)","1,926,917"
"9008","京王電鉄","東P","788.8","+3.4(+0.43%)","1,114,544"
"9009","京成電鉄","東P","1396.0","+6.5(+0.47%)","2,152,917"
"9020","東日本旅客鉄道","東P","3538.0","+20.0(+0.57%)","9,816,119"
"9021","西日本旅客鉄道","東P","3018.0","+6.0(+0.20%)","5,638,435"
"9022","東海旅客鉄道","東P","3865.0","+22.0(+0.57%)","8,047,303"
"9023","東京地下鉄","東P","1526.0","-3.0(-0.20%)","2,163,451"
"9024","西武ＨＬＤＧ","東P","3638.0","+38.0(+1.06%)","6,943,922"
"9031","西日本鉄道","東P","3105.0","+25.0(+0.81%)","574,300"
"9041","近鉄グループＨＬＤＧ","東P","3450.0","+25.0(+0.73%)","1,802,442"
"9042","阪急阪神ＨＬＤＧ","東P","4689.0","-20.0(-0.42%)","3,192,651"
"9044","ＮＡＮＫＡＩ","東P","3141.0","+8.0(+0.26%)","669,307"
"9045","京阪ＨＬＤＧ","東P","3201.0","+18.0(+0.57%)","852,886"
"9048","名古屋鉄道","東P","1869.0","-9.0(-0.48%)","858,414"
"9064","ヤマトＨＬＤＧ","東P","1932.5","-16.0(-0.82%)","2,189,394"
"9065","山九","東P","8073.0","+73.0(+0.91%)","1,377,054"
"9069","センコーグループＨＬＤＧ","東P","2220.0","+3.0(+0.14%)","830,442"
"9072","ニッコンＨＬＤＧ","東P","5081.0","-31.0(-0.61%)","1,242,201"
"9075","福山通運","東P","6030","-130.0(-2.11%)","559,418"
"9076","セイノーＨＬＤＧ","東P","2654.0","-18.5(-0.69%)","985,719"
"9101","日本郵船","東P","7201.0","-89.0(-1.22%)","24,415,756"
"9104","商船三井","東P","7039.0","-75.0(-1.05%)","25,191,108"
"9107","川崎汽船","東P","3348.0","-79.0(-2.31%)","17,930,847"
"9110","ＮＳユナイテッド海運","東P","10490","+10.0(+0.10%)","1,611,142"
"9142","九州旅客鉄道","東P","3550.0","+6.0(+0.17%)","2,559,109"
"9143","ＳＧ　ＨＬＤＧ","東P","1455.0","-14.5(-0.99%)","2,300,291"
"9147","ＮＩＰＰＯＮ　ＥＸＰＲＥＳＳ","東P","5291.0","-108.0(-2.00%)","6,069,338"
"9201","日本航空","東P","2990.5","-9.5(-0.32%)","5,358,867"
"9202","ＡＮＡ　ＨＬＤＧ","東P","2951.0","-40.5(-1.35%)","5,971,126"
"9247","TRE ＨＬＤＧ","東P","1834","+24.0(+1.33%)","527,480"
"9279","ギフトＨＬＤＧ","東P","2279","-10.0(-0.44%)","511,039"
"9301","三菱倉庫","東P","1530.5","-6.0(-0.39%)","1,409,397"
"9302","三井倉庫ＨＬＤＧ","東P","3353.0","+11.0(+0.33%)","688,120"
"9336","大栄環境","東P","3735","-30.0(-0.80%)","520,945"
"9364","上組","東P","4820.0","-30.0(-0.62%)","1,263,546"
"9401","ＴＢＳＨＬＤＧ","東P","5730.0","-89.0(-1.53%)","1,769,429"
"9404","日本テレビＨＬＤＧ","東P","2942.5","-51.5(-1.72%)","1,236,367"
"9409","テレビ朝日ＨＬＤＧ","東P","3060","-30.0(-0.97%)","515,229"
"9412","スカパーＪＳＡＴ","東P","2018","+8.0(+0.40%)","4,152,298"
"9418","Ｕ−ＮＥＸＴ　ＨＬＤＧ","東P","1721","-19.0(-1.09%)","1,250,332"
"9432","ＮＴＴ","東P","172.2","+0.2(+0.12%)","36,854,636"
"9433","ＫＤＤＩ","東P","2976.5","-14.0(-0.47%)","22,976,530"
"9434","ソフトバンク","東P","239.2","-1.8(-0.75%)","15,640,912"
"9435","光通信","東P","38330.0","-670.0(-1.72%)","3,603,688"
"9436","沖縄セルラー電話","東S","4215","+50.0(+1.20%)","508,629"
"9449","ＧＭＯインターネットグループ","東P","3782.0","-77.0(-2.00%)","1,447,579"
"9468","ＫＡＤＯＫＡＷＡ","東P","3570.0","-51.0(-1.41%)","1,468,567"
"9501","東京電力ＨＬＤＧ","東P","575.1","+18.4(+3.31%)","21,556,592"
"9502","中部電力","東P","3065.0","+86.5(+2.90%)","8,438,573"
"9503","関西電力","東P","2999.0","+59.5(+2.02%)","11,940,607"
"9504","中国電力","東P","1086.5","+12.0(+1.12%)","2,214,672"
"9505","北陸電力","東P","1078.5","+5.0(+0.47%)","905,017"
"9506","東北電力","東P","1395.5","+19.0(+1.38%)","4,404,371"
"9507","四国電力","東P","2193.0","+54.0(+2.52%)","2,131,298"
"9508","九州電力","東P","2201.5","+60.5(+2.83%)","4,022,715"
"9509","北海道電力","東P","1132.0","+1.0(+0.09%)","2,429,573"
"9513","電源開発","東P","4158.0","+34.0(+0.82%)","1,881,620"
"9519","レノバ","東P","900","+18.0(+2.04%)","789,344"
"9531","東京瓦斯","東P","6253.0","+106.0(+1.72%)","5,620,108"
"9532","大阪瓦斯","東P","5945.0","+89.0(+1.52%)","4,715,066"
"9533","東邦瓦斯","東P","1298.0","+18.5(+1.45%)","970,432"
"9552","クオンツ総研ＨＬＤＧ","東P","1049","-53.0(-4.81%)","504,462"
"9601","松竹","東P","10890","-110.0(-1.00%)","662,429"
"9602","東宝","東P","1594.5","-7.5(-0.47%)","5,221,128"
"9616","共立メンテナンス","東P","3164.0","-20.0(-0.63%)","2,984,108"
"9627","アインＨＬＤＧ","東P","5825.0","-152.0(-2.54%)","664,348"
"9682","ＤＴＳ","東P","1070","-21.0(-1.92%)","555,355"
"9684","スクウェア・エニックスＨＬＤＧ","東P","2827.0","-39.0(-1.36%)","4,208,152"
"9697","カプコン","東P","4283.0","-80.0(-1.83%)","9,793,810"
"9706","日本空港ビルデング","東P","5590.0","-9.0(-0.16%)","5,616,331"
"9722","藤田観光","東P","2801","-16.0(-0.57%)","1,056,776"
"9735","セコム","東P","6282.0","-21.0(-0.33%)","7,173,659"
"9744","メイテックグループＨＬＤＧ","東P","3253.0","-45.0(-1.36%)","1,085,697"
"9759","ＮＳＤ","東P","2762.0","-46.0(-1.64%)","618,373"
"9766","コナミグループ","東P","20690.0","-295.0(-1.41%)","9,220,734"
"9831","ヤマダＨＬＤＧ","東P","693.1","+0.1(+0.01%)","2,596,532"
"9842","アークランズ","東P","1857","-24.0(-1.28%)","789,676"
"9843","ニトリＨＬＤＧ","東P","3287.0","-105.0(-3.10%)","10,756,091"
"9861","吉野家ＨＬＤＧ","東P","3803.0","-21.0(-0.55%)","2,222,271"
"9880","イノテック","東P","3340","+65.0(+1.98%)","552,800"
"9934","因幡電機産業","東P","3028.0","+39.5(+1.32%)","611,174"
"9936","王将フードサービス","東P","2945","-26.0(-0.88%)","699,760"
"9956","バローＨＬＤＧ","東P","3230","+5.0(+0.16%)","534,190"
"9962","ミスミグループ本社","東P","3550.0","+16.0(+0.45%)","4,275,864"
"9983","ファーストリテイリング","東P","66860.0","-1,870.0(-2.72%)","67,288,585"
"9984","ソフトバンクグループ","東P","6810.0","+254.0(+3.87%)","261,757,567"
"9987","スズケン","東P","5177.0","-10.0(-0.19%)","798,844"
"9989","サンドラッグ","東P","3708.0","-23.0(-0.62%)","1,951,798"