Ticker,Date,RSI,SMA25_Dev,SMA200_Dev,BB_pct_b,MACD_Hist,MACD_Slope,ATR_Pct
1332.T,2025-08-08,84.85294698682726,9.373801935355079,11.677960667318079,1.0546039193242864,10.064773315552735,2.4668661936533427,1.7486280321700565
1332.T,2025-08-12,91.62747499076417,9.168201176342022,11.83973328060641,0.980297752493906,10.092041121239316,0.9191653733018903,1.726515337435432
1332.T,2025-10-14,48.65568127827838,-2.2554545453434702,15.848081590060012,0.15545399599337387,-4.173179044990928,-3.1735366589756513,2.0506420623920025
1332.T,2026-01-14,41.01692886155998,-1.8237634435448957,17.30466453705715,0.37745120046694747,-3.368464993813565,2.9780077189784526,1.5314988775299556
1332.T,2026-01-16,44.84129387579389,-1.0789809300132591,17.504857009434982,0.46499950552382907,-0.5824675968441735,2.7859973969693916,1.4600579659945596
1332.T,2026-02-06,85.86312527593076,16.014007383488636,40.18674047475004,1.030967099125376,17.161997271770495,3.7113008117436337,3.050125079371134
1333.T,2024-11-06,17.133937260486704,-5.167432985335808,,0.17810311506601,-4.860824105488822,0.3260125857171676,1.505817155597635
1333.T,2026-01-08,61.79780091266849,3.1937376060836424,19.347733541932126,0.7774190977060813,1.0182927628137044,-1.054979956926239,1.6207847411603744
1333.T,2026-01-09,62.17391540239853,2.3738406991167285,18.431655408947396,0.685072246086394,-0.251685894087629,-2.032487287513341,1.6786892178763089
1333.T,2026-01-13,62.14101612600095,3.2319750792333983,19.600616434881218,0.7885247480569425,-0.3321419720187251,-1.3504347348324295,1.6746843955175177
1333.T,2026-01-14,62.30504021771543,4.347821993411709,21.12596141004462,0.9120922192809763,0.5884493440245642,0.8401352381121932,1.637348964335971
1407.T,2024-12-17,24.85768375596851,-12.315723830868329,,0.10406610315121262,-2.2682445777036264,-0.47317512192023514,3.7538448861057483
1407.T,2024-12-18,29.841888935437666,-10.535587201929205,,0.1795064645026441,-0.29533894067152744,1.3850132402404682,3.6039941862408416
1407.T,2025-06-16,41.69884733102071,-1.8760320182514736,,0.3881633388808581,-3.5033522910675963,2.1062613736055846,2.287029656917186
1407.T,2025-06-18,53.11356727334152,1.8178534218827942,,0.7759066213080492,3.9861335839233227,7.489485874990919,2.2267576504583086
1407.T,2025-06-19,48.80951482982679,1.8664706917169271,,0.7655661174038958,5.904747544068133,5.277294676234579,2.259938631700249
1407.T,2025-06-20,49.99999970575166,2.274793406621064,,0.7791322264195534,7.162555423486951,3.176421839563628,2.2889714896618862
1407.T,2025-06-23,62.3931706279417,3.408536810770958,,0.8653563926987862,8.694867308732467,2.7901197646643343,2.2855352047209845
1407.T,2025-06-24,63.20340518660779,3.061428004985483,,0.8176929393127335,8.99438733677399,1.831831913287039,2.3092100443172137
1407.T,2025-06-25,74.11164680475002,2.6015651895176655,,0.7756261352846359,8.366425092464095,-0.3284422162683729,2.2999366146231024
1407.T,2026-04-23,77.91263528505525,21.69673168638449,44.79506735100192,0.9180061468383374,38.94472831250313,-5.462985470734324,5.557239566453364
1414.T,2025-08-08,78.7055444438663,4.502747247460053,3.048407048359809,1.008218870046888,5.103939339104789,0.8520538863928291,1.302069455705372
1414.T,2025-08-12,82.59376826830834,6.3745877154460615,5.316181496909122,1.120603012315234,6.691270228485568,2.0320471177337076,1.380330466107409
1414.T,2026-01-06,76.64766428535454,6.217397683915009,11.796653529781373,1.1042661969602452,6.699181881428181,1.6065753840797292,1.451536928959385
1414.T,2026-01-07,76.37489856877707,7.181204671092294,13.146963843610843,1.1005704544479975,8.20829347931182,2.9716328826491747,1.5417914928672927
1414.T,2026-01-08,83.5409677590945,6.627458653980526,12.926475215502952,0.9943442773964852,8.460644133680955,1.7614622522527732,1.5748959808243472
1417.T,2025-10-14,45.01208740688421,-1.2870189571356978,16.70947807114162,0.2076625556087308,-7.060363268980748,-8.68955535823261,2.1318180622902156
1417.T,2025-10-16,49.635009741958456,-0.301048769924824,17.717379972815294,0.416417285624646,-6.203345148764292,0.8570181202164555,2.308188067681516
1417.T,2025-10-17,46.046521130889396,0.08850607845920329,18.092564222654428,0.49082610504943053,-5.920401819153401,-0.7685256789033019,2.2513898262366348
1417.T,2025-11-18,66.69939449174905,3.3353968063240798,22.829891517737778,0.6941026214337528,10.424592060404407,-7.889143111147199,2.5864054475043328
1417.T,2026-01-07,69.28981659549851,5.237579996534052,32.52807891197402,0.8876955388746443,6.2142844800490735,3.3689793298192825,1.7683290971939598
1417.T,2026-01-08,74.3689269883575,5.49126486150665,32.97298724306303,0.8940927835720791,6.028921211909903,-0.9075968407801724,1.7990441792945229
1417.T,2026-02-04,55.00000362673488,3.712378490623078,34.02608878064871,0.8467853415706149,-9.49809752875693,10.694657245322716,2.2638559148019217
1417.T,2026-02-05,54.517610675852914,3.7587695770694625,34.129211695929605,0.8799471569439627,-6.104640163012107,7.770164217705073,2.2569053558408707
1417.T,2026-02-17,52.861615319097425,0.7266750824836925,31.174773043755028,0.5285075188051167,-9.461697894729426,-22.559534286789372,3.118867353027487
1419.T,2025-03-06,56.32183888318475,2.3129054018139743,,0.8401048095409391,10.137776284818443,-1.2660241653894069,1.5791676119873466
1419.T,2025-10-15,28.571406376272122,-4.679614157994585,0.2352758958368685,-0.013779242772456622,-15.23612843391772,-5.888579452423773,1.7882834083100985
1419.T,2026-01-09,44.915248317153406,-3.204084524912266,-3.6872526372672394,0.0008378222461122294,-3.107154796320117,-19.976669240944403,1.6666673202288553
1419.T,2026-01-13,45.833343755839955,-1.1513602114738568,-1.755871446511613,0.3248044898226863,-4.67453207849935,-11.331093194863593,1.7045464536159158
1515.T,2024-12-17,51.77303103593511,-0.7453048029490644,,0.39799701754349925,2.119254800208493,1.6377524425354846,2.123087893819512
1515.T,2024-12-18,48.484849417035434,-0.03344430306115628,,0.5215852165478813,2.101711507241429,-0.5500511155090422,2.1249368714116916
1515.T,2024-12-19,51.449273803207866,0.7544602947368775,,0.6634375478326022,2.463788470196741,0.3445336699882482,2.166554732630058
1515.T,2025-03-04,57.66871405201604,6.2076194598447225,,0.6188339572643731,-2.800099947824549,-3.8231947793541465,3.4391537274339976
1515.T,2025-05-29,59.32835357650683,5.657285070616265,,0.6848901247261794,6.030591884932214,-6.497752176082209,4.427136542696215
1515.T,2025-07-17,41.46339190858595,-1.3352001649360343,32.53918511650586,0.3364966630910318,-3.8256938668545217,-3.9208130203412637,2.3388979621524713
1515.T,2025-07-18,46.363606387510366,-1.2928566661581657,32.150457958459775,0.34565792189102196,-5.711364636532291,-4.930369292167423,2.1739134666507476
1515.T,2025-11-18,48.53931890671798,-3.135116647130012,14.726068384808846,0.3159561706323888,-2.5721695348892055,5.777721551421045,4.028744989137667
1515.T,2026-01-14,86.14173761325424,29.715314647408412,81.87359876831304,1.0551949098959232,60.01414404658311,24.675946876426906,4.850237998412157
1515.T,2026-01-16,80.9155039376542,29.883361835304502,87.40369144691344,0.9465559151587027,70.5450319571271,10.530887910543981,5.2264236062647385
1515.T,2026-01-20,78.2754040613272,25.500774026435653,86.06743726011963,0.8446823272855113,57.809355515782926,-12.735676441344168,5.481619256250262
1515.T,2026-01-21,78.82736344256547,25.7411863058765,88.73401026055951,0.8438209284314052,48.75811530904207,-21.284760651018814,5.657234086997226
1515.T,2026-03-09,27.644229626776053,-24.52374755275426,40.6994750923031,-0.11132959558492643,-156.32145788104103,-56.746608804256226,11.642508952712362
1518.T,2024-10-02,64.81752859868266,,,,7.067943264497796,-1.2262711804782214,3.2852816561104383
1518.T,2025-01-09,76.84477996231094,20.05727080590754,,0.8768892024891307,25.44768447966853,-4.526869541578783,4.898427284347351
1518.T,2025-01-10,78.75895398040592,22.475644809580363,,0.8980046990843024,23.98532595898525,-4.176779307812289,4.968253669425341
1518.T,2025-01-14,78.01417996885091,19.932158457090335,,0.8341213358120191,21.11852194401832,-4.329162535650212,5.1066216820680275
1518.T,2025-06-18,30.000019340187876,-2.8861487469820366,,0.340744184752546,-6.5387887466945,2.223208222173815,2.3680962137820987
1518.T,2025-11-14,45.03104684589564,-0.8589164051437014,26.23560828970711,0.3893740285861002,0.5615464006204667,-2.1127971597968367,3.560455631213244
1518.T,2025-11-18,45.61403950113442,-2.580544051665989,23.200624988392363,0.15072119955973348,-2.4998353078655997,-3.061381708486066,3.4818622394851944
1518.T,2026-02-04,49.212576316897476,1.9811052970554694,23.36363324478415,0.7816811168838297,-2.047153383408725,5.047717981770052,2.317525828635205
1518.T,2026-02-06,61.38996067324547,3.352728745336267,24.942894238738223,0.9392265169763574,3.6990061018859333,5.746159485294658,2.3027585696581
1605.T,2024-10-02,65.52120286353286,,,,12.26264148217406,5.378192137828746,2.614594916612288
1605.T,2025-03-04,50.559995256331916,0.766833537582218,,0.5932813784299735,4.540475892368642,0.6895334368129857,2.113683292969338
1605.T,2025-03-06,47.25084045851826,1.2388323157962395,,0.6562218813845118,4.0673509017212535,-0.47312499064738844,2.0504375215137767
1605.T,2025-03-07,55.71178210495784,2.1823618654577035,,0.8404071524461318,4.854405691236182,0.3301018523852939,1.9411543505438753
1605.T,2025-10-14,49.43423135791028,-1.3606909211198508,27.62951507676032,0.27362537077700144,-14.397965752320069,-9.167170253263144,2.785171676140904
1605.T,2025-10-15,45.99696542375946,-0.26306882930305503,28.90256024455481,0.41430561036647223,-15.576419426200701,-6.485334788431345,2.652908222754153
1605.T,2025-10-16,46.11904657689085,0.6431260548858644,29.94669020983362,0.5315215317536691,-14.347854399688842,0.05011135263122668,2.5625018250114797
1605.T,2025-10-17,40.84401310893446,-0.7837096004852409,28.004823299385123,0.364353840687489,-15.471035488224459,0.10538393797624224,2.5249678334525867
1605.T,2025-10-20,47.64358578433594,1.0417853895945062,30.269229981913387,0.5951465239656243,-12.570668243115833,1.7771861565730092,2.506336021344723
1605.T,2026-01-19,55.985497381600354,2.0940083012488446,33.58980159569157,0.744559240956442,8.038448342046294,-3.7990791461977302,2.268243713900928
1605.T,2026-01-20,54.66757240978623,1.1927536794751061,32.10923482075345,0.6249467520647841,4.546142370160748,-5.211591444150489,2.3456003420605014
1605.T,2026-01-21,56.54070752375282,1.569908388438412,32.33971234151507,0.6549671027749472,2.6880421669927337,-5.3504061750535605,2.469163204503445
1605.T,2026-01-22,58.701655779989416,2.633817423369012,33.545921753944505,0.7683896376046582,3.451533766880459,-1.0946086032802889,2.5028815625608827
1605.T,2026-02-13,58.073079955737725,2.863470766839478,36.60623728966825,0.5490244820386279,28.484485863205066,-19.038646539715174,4.524701426796369
1605.T,2026-02-16,60.08911559136985,4.324937356536502,38.869534830953775,0.6066058006621633,11.409985860898487,-47.18599154981685,4.528043580869237
1605.T,2026-02-17,59.884833504699856,4.481546903976922,39.31336871004146,0.6155716824612043,0.4893222583025931,-27.995163604902473,4.477552482972109
1662.T,2024-10-02,69.47443386992069,,,,7.067653542509479,3.437761391492318,2.464519683434367
1662.T,2025-06-24,47.96377852534087,-1.8085362992417742,,0.3091022061321007,2.182265381533951,-5.728403512469639,2.974403510267262
1662.T,2025-10-14,35.2182773007153,-4.887213786413211,10.307725716038574,0.008196550155957261,-10.539614593521328,-10.244572541440625,2.973936678974697
1662.T,2025-10-15,38.65149355309469,-3.00839558285264,12.40978487604803,0.15173041656676867,-12.600988042300614,-8.206218731834234,2.9468515220564107
1662.T,2025-10-16,38.11345444129395,-2.255648237797284,13.220815882020196,0.2195991748869696,-12.84449724661562,-2.3048826530942925,2.9303948999903486
1719.T,2024-11-05,44.70595430270333,-0.5879142094749455,,0.32260214774994217,-1.3473627784220552,-0.18045576299416277,1.3312862316062988
1719.T,2025-10-14,44.78129585732925,-2.0672730272811566,16.863290966174684,0.17323081997455037,-3.9383356883210867,-1.6453502164827634,1.7826330255163156
1719.T,2025-10-16,53.525267941080784,0.7021644704037189,19.45292044330132,0.7748514060200513,-0.18027529899069872,3.758060389330388,1.8627236285218
1719.T,2025-10-17,52.192980929775466,1.4922527016054077,20.128700164733456,0.9151895973143752,1.8582518843689697,3.9778065815252655,1.8131212737894815
1719.T,2025-11-14,54.929585157224814,3.2633326928570114,20.927495676278138,0.8303045706045987,3.4564236464795464,2.2184442882293816,2.4712913079236825
1719.T,2025-11-17,50.155772695338875,3.005039584634664,20.638453217715274,0.8016029607253164,2.9816793614985215,-0.651317628011963,2.4371631722487956
1719.T,2025-11-18,59.409603118667285,1.5117047934881418,18.93780506383148,0.6092854367322038,1.0258564629145184,-2.430567183565028,2.29765915412723
1719.T,2026-02-05,61.26763778399109,4.2698118403104655,26.030580372715917,1.1095042225992047,0.8589233449841416,5.086265966357992,1.582733513213851
1721.T,2024-11-05,44.751359921661596,-0.2431620312933992,,0.4498264849133756,3.824998790909923,-4.970567774738662,1.8716216430823964
1721.T,2025-10-14,54.98924312483737,-0.10400314542025516,12.341226097266441,0.477466413001025,-0.28338519778315785,-7.667529999884234,1.8612112712311633
1721.T,2025-10-16,57.060655646488875,1.3061123062096325,13.91813243216996,0.7067751331339729,-0.08714394451711627,0.19624125326604158,1.8587467839441703
1721.T,2025-10-17,51.619030686148385,0.8302479886459676,13.328143342855,0.6259576762207467,-1.6668554068370867,-2.0414169295237343,1.8893514132237368
1721.T,2026-01-07,69.60279260052008,5.343763146098314,29.487742616674247,0.8480090344789826,9.84291318427529,0.5837135311496837,1.6082950160974754
1721.T,2026-01-08,75.74696124276208,5.52482297270687,29.985122227024874,0.8638835771291143,8.075154657542129,-4.910979951769505,1.6200449198139195
1721.T,2026-02-05,48.4573640073161,2.8873877269257444,31.91705578557576,0.7556762534039629,-16.486351746864642,9.10175722170726,1.789663909037206
1721.T,2026-02-09,68.98550939200936,6.191133390304845,36.68268328543074,1.1524661617113943,6.476052149515382,22.962403896380025,2.3267351879524507
1721.T,2026-02-13,66.02629581759615,6.872230441476019,38.60046173314961,0.9231619992492207,31.535718217204618,10.563353330319643,2.6642602130889816
1721.T,2026-02-16,74.764400237225,7.5070530873296875,39.77135543689677,0.939959770636265,30.924146243029014,-3.1392485929836624,2.5993397297822844
1721.T,2026-02-17,74.55121894145552,7.197820142937916,39.68764108622385,0.8997500761995497,28.45373008551971,-3.081988131684909,2.593055359431219
1721.T,2026-02-18,83.19836523300323,8.91634892862516,42.25953734334234,0.9595303420794653,31.366322518882754,0.44217627585373975,2.646225944568682
1723.T,2024-10-02,55.501306335206436,,,,3.114505183027389,-0.9257650577698433,2.3412205130426087
1723.T,2025-07-17,55.42167259446266,2.03182178104161,29.26341227927347,0.7089714413644486,-1.7405014150761033,-2.193477877050629,2.5069423532707478
1723.T,2025-09-18,36.17028917192256,-1.1811895308192417,26.517380149310604,0.3531375404485692,-5.2643706801438945,0.7725728767672617,2.601842397534013
1723.T,2025-10-16,43.14756031727572,-1.3357728347249176,21.476775418631046,0.3123308771383943,-5.87643874802963,-2.322955737696864,2.8373741042924734
1723.T,2025-10-17,39.146220115442674,-2.2755393244644533,20.011859159754486,0.20551142055733834,-6.731388961596908,-1.33725614581412,2.7122992809206057
1723.T,2025-11-05,73.15788426479602,12.285085387011534,37.43788360951829,1.0085787719442405,21.62805936198413,12.423781315972168,3.6015423926488883
1723.T,2026-01-15,91.89191828985435,18.68300347983338,80.66692852727971,1.0393348109578624,26.06681901403269,7.800178668586014,3.041474457957274
1723.T,2026-01-16,93.13728334461848,19.62325043418394,83.5243483608158,1.0165158279599122,28.73596402261626,5.7713447695373645,3.1127817930013757
1723.T,2026-02-04,72.43901830052435,18.859629375704916,98.56174916972999,0.9200523311007471,19.564660721700875,12.65219400772375,5.34752440601458
1723.T,2026-03-09,38.862557637524546,-10.251920660594259,59.7009889555682,-0.2308225968501659,-55.62303470038539,-24.560419102153148,6.384015323082591
1723.T,2026-03-30,34.18498703366775,-17.11777579317214,29.32626440427462,0.039170489384363426,-49.60315202095165,-6.709945841544787,5.884688879638874
1723.T,2026-03-31,26.101463176826982,-15.613263402610144,29.98709422420143,0.0906883811015709,-48.19638460600903,-3.243109939589857,5.66571833897815
1801.T,2024-10-31,62.449835117681694,2.70576250272446,,0.8839744135651227,36.28338084929186,10.195969855053079,2.269309262244584
1801.T,2024-11-01,56.59688046968078,0.3696609695962901,,0.5619044160374917,26.327646205599336,-8.236896839065267,2.385102142260988
1801.T,2024-11-05,59.1959135710958,2.0726176113327837,,0.7744669486380751,25.513418753784322,-10.769962095507537,2.407654398757923
1801.T,2024-11-06,56.03687551798086,2.9587323786657396,,0.8687169645357238,27.665825404030418,1.3381791984310816,2.136799067908748
1801.T,2025-04-11,39.55329699289358,-0.8370359761052598,,0.42897175594940556,-30.038734711302254,49.31687769519331,3.649900788012933
1801.T,2025-06-25,60.37882363936925,1.8457702599795596,,0.6853906151537672,1.9397160777002398,-12.734195047965358,2.02473290960721
1801.T,2025-10-10,54.995101898900444,2.951219939766621,33.6896924143227,0.7130066464098993,34.888315394242284,-11.83444656506191,2.7707352069771525
1801.T,2025-10-14,58.40497921236842,0.9179589985279265,30.815086369969645,0.5327482883505202,6.975705886981302,-46.651113945581386,2.779886193566904
1801.T,2025-10-15,60.12734670029892,2.926255146406265,33.4001708052657,0.7104925130634111,1.8969253257538412,-32.99139006848844,2.749912328539687
1801.T,2025-10-16,63.14177950141871,5.081400494273503,36.20143180107668,0.8713257361415535,12.654004850546414,5.678298963565112,2.8133056875897133
1801.T,2025-10-17,59.93443670008669,4.76507189579717,35.825563411205465,0.8315508144621876,16.96683972231378,15.069914396559938,2.7028459589684415
1801.T,2026-02-13,63.08901397260056,4.687842144505544,58.34934512790302,0.6682395504716776,152.2156523089053,-93.47869981443739,4.201195386874169
1802.T,2025-04-11,49.25497750216389,2.557402880671672,,0.6697051779047571,0.6518060201741722,15.91819458994018,3.455183025836549
1802.T,2025-10-10,43.19646593441902,-1.7981427329899455,11.488043324738236,0.23737123841409338,-5.975432891933465,-2.2813336552927623,2.312956386227103
1802.T,2025-10-14,48.929452834183074,-1.3956261062857143,11.786060859372489,0.3145015775982088,-6.4680274198075605,-2.4463315745496335,2.3623202743633573
1802.T,2025-10-15,52.77000561740876,-0.39449202842147274,12.827764729644835,0.49750590338860506,-4.995483103991438,0.9799497879420276,2.319296749386745
1802.T,2025-10-16,57.10347513927275,1.4478965053839588,14.807202171325251,0.8655183082616309,-1.064525083235372,5.403502336572188,2.541290273107827
1802.T,2025-10-17,55.975630290607526,2.7220496127923615,16.164066297470846,1.0182037480341823,3.3840510146477705,8.379534118639208,2.4901580169275026
1802.T,2026-01-08,64.23358037076146,3.0164728204144526,37.89868278205975,0.8871545823076484,-10.737089616149674,-0.7063888479661244,1.9396923350937056
1802.T,2026-01-09,68.72341154333564,5.1065839009822245,40.77672451244541,1.1938010607567673,-4.9489216452773945,7.317580856946336,1.9841272819231752
1802.T,2026-02-05,68.11351438710011,8.754786213173984,48.81679790022023,1.064454363444502,10.385184297197526,22.172598179591162,2.3133326530332665
1802.T,2026-02-06,76.63816454885914,11.567225168508557,53.276578635193495,1.194306476319717,23.15359031114815,22.315755800831866,2.381552260073321
1802.T,2026-02-16,67.55276429184678,7.091288976311397,51.50773199075952,0.6861199714590444,36.25898891502868,-33.38878000608821,3.7881216871494097
1802.T,2026-02-17,66.35366259910394,6.043691199916892,50.396521214321986,0.6567159061480621,17.38533623718658,-41.95941313782154,3.881131191863413
1802.T,2026-02-18,69.42016432736578,6.210793178821563,50.83319362693188,0.6618621901721188,4.68651937445145,-31.57246954057723,3.8737902470436634
1803.T,2024-10-31,61.93049264878013,3.18880582426361,,0.9977458019482988,3.073062156998417,2.822099903738837,1.9953645586935167
1803.T,2024-11-01,56.5984539459154,1.7570985510561798,,0.7532886205959244,2.9223423057008624,1.198840464267055,2.0905402209832697
1803.T,2024-11-05,47.90872500989931,1.0657269936035212,,0.6242753329292237,2.2300328675717167,-0.8430292894267004,2.0335462258041117
1803.T,2024-11-06,45.158951778965694,0.29242875924318024,,0.492916531676236,1.20501351709109,-1.7173287886097723,2.0097640868012987
1803.T,2025-07-18,63.25456312584778,3.3348253678687128,25.48275098405054,0.9929494883179059,3.8717489556940166,3.07270332960778,2.001204239233988
1803.T,2025-08-08,70.78085226422715,9.15034892342794,32.72884402042794,1.0704521829094882,13.574070076088766,5.41942908119746,3.2830169350247593
1803.T,2025-10-16,35.713259451307536,-3.510584381060402,26.705281049930775,0.1926162224638205,-15.66262732228763,2.1277750086811587,2.760567872630826
1803.T,2025-10-17,29.39392329863705,-4.639649352795125,24.547602749117562,0.09429980807794758,-16.034257705737637,0.8470198250485659,2.8429010352640165
1803.T,2025-11-18,81.39155789620716,12.665612691329653,45.501581880063426,0.8215232845426171,33.64987919042957,-8.899695936862202,3.9517740997980457
1803.T,2026-01-07,53.193950884953715,1.491516443972606,44.8438906784819,0.8351565025124035,-6.430227717343428,6.127544782842143,2.4515964480794508
1803.T,2026-01-08,62.3809563942488,2.728267244984106,46.03810233209345,0.998492706610378,-4.244310604918525,2.666213855904857,2.554159711148685
1803.T,2026-01-09,64.65325532886712,3.7968526828329976,47.17069843489895,1.0721033453561144,-1.1569708827122014,5.273256834631226,2.469971951361103
1803.T,2026-02-05,64.89048185227333,13.026174614752344,55.73494680181296,1.2894448556499232,23.64861000887535,29.83950467875847,3.433977989866265
1803.T,2026-02-16,71.30942123883796,8.736762493780702,53.62342412758889,0.7030305324867121,39.93447871356395,-33.17780756886299,4.558562884545241
1803.T,2026-02-17,71.88393570844595,9.753315472934776,55.36491946195798,0.7248663654795496,27.864500127482245,-31.262089320476974,4.5617333040169825
1803.T,2026-02-18,76.01047831367714,13.451700686574878,61.07004284444473,0.8050814480874043,26.1587427408613,-13.775735972702648,4.580905124214304
1808.T,2025-10-16,48.619142801617386,-1.1357669109652282,16.15734032047746,0.3026490572528297,-8.295953589607699,-0.7409426775514376,1.958243759630996
1808.T,2025-11-18,75.51997821681785,9.548277792526717,29.70359779792076,0.8616415967911901,33.15986506491373,-6.613820943811703,2.3003276760781577
1808.T,2026-02-16,48.89707316897869,-2.14297669011405,25.814575684205092,0.32859283322868754,-3.4017825172616583,-27.133881633494838,2.9301163417421927
1808.T,2026-02-17,50.76741186118264,-0.9096795741918,27.16400758815205,0.4325539552680283,-10.16059103123284,-21.208459026897046,2.93623824366316
1812.T,2025-04-15,45.27533777548307,0.3376659530307792,,0.4848608142023328,-5.14356938904952,13.077033631291542,3.932338217205618
1812.T,2025-06-16,55.49914270391734,1.6185516295207973,,0.7253958978010476,-10.568417164644927,-2.708091468621845,2.0681840826727584
1812.T,2025-10-10,52.71119950478819,0.807740963852166,28.91133066106029,0.5941907642033537,13.814935198328627,-0.48590929130025984,2.7123812266340934
1812.T,2025-10-14,58.51694094994419,0.47087168838131804,28.12543201824215,0.5684800756207403,6.8238545964386645,-14.690070068871883,2.728412634068217
1812.T,2025-10-15,60.140083668742264,2.9273011278520964,31.037208247855208,0.7813035096483831,8.738016693175453,-5.0769185051531736,2.74727534697339
1812.T,2025-10-16,64.41035363755556,5.382148187718474,33.99349830641497,0.9442327292251431,16.302139324851453,9.478284728412788,2.7827402085618766
1812.T,2025-10-17,60.881059039205844,4.671444540996248,32.925792780539744,0.8591011950859541,18.171704619785707,9.433687926610254,2.7499780563150074
1812.T,2026-01-07,58.88887504418306,3.9743888174995425,43.67749208209458,0.9247419858586436,2.551830759197699,18.308836833350753,2.3628823972207473
1812.T,2026-01-08,67.0520213736064,4.715536775104312,44.54546021839364,0.9761289681374047,6.585431591186577,6.426342981836683,2.2907088333343926
1812.T,2026-01-09,66.66665047231405,5.327590457802637,45.31622250189438,1.0045984840852267,11.169501965880798,8.617671206683099,2.2595343783440938
1812.T,2026-01-13,72.94551099692863,6.698411732233415,47.242933307229634,1.0713641664068527,18.976508210739723,12.391076619553147,2.364657850499676
1812.T,2026-02-05,52.683736513765915,5.561666101760912,47.1505485173401,0.8885523383163456,-6.891066182886675,27.34654325109659,2.690663981492906
1820.T,2024-11-01,54.01932614821263,0.1205238417411706,,0.5722184776280853,13.251220055112086,5.869554360366671,1.5711173558423916
1820.T,2024-11-05,53.87100014754201,1.4097761907835384,,0.8155733156368593,15.599230215462935,0.9705041761520832,1.600960444598114
1820.T,2024-11-06,57.487106666044475,1.2176216849008368,,0.8119394556095986,15.878061688286264,2.6268416331741786,1.5813920373992176
1820.T,2025-04-11,48.223876644679386,1.2092861341489713,,0.6033242896978182,8.960842847380803,28.72863597953659,2.938338394938869
1820.T,2025-10-14,43.45693053863179,-2.005274501943096,3.74208580171309,0.1096954636994461,-10.086381794073812,-9.167006803878465,1.938906595032441
1820.T,2025-10-16,50.324376706636286,0.06814503725214946,5.869015525545383,0.5648926519054455,-4.657007386765654,5.429374407308158,2.1171822655454773
1820.T,2025-10-17,48.31931311866832,-0.006607362507807232,5.738399253274953,0.5404943007189819,-3.5547500323129935,3.2009432463912173,2.06639989540954
1820.T,2025-10-21,48.257652231287494,0.46892978432051935,6.1625415243307895,0.6304847145457315,1.164545406616817,4.7192954389298105,1.9691193417183415
1820.T,2026-02-05,49.68942788523521,2.0098679112603897,14.707133344340997,0.7781572017570381,-2.5342416821313307,16.61302937472658,1.7108492783957818
1820.T,2026-02-06,61.369214083064854,4.8115781761297365,18.046645664795548,1.1304085299937454,13.960355689629786,25.00083312969882,1.809739460570135
1820.T,2026-02-09,69.52493643571589,6.0793770841359045,19.762592238220737,1.1514522411140236,29.321424902842978,31.85566658497431,1.8224709654506839
1820.T,2026-02-10,71.2568583914539,6.893248739994559,20.956622317861765,1.111710936855229,41.41437941996964,27.454023730339856,1.8302298397906245
1820.T,2026-02-13,65.37587054640278,6.550803102531089,21.328812197626096,0.9013279163245917,57.85271145595729,16.43833203598765,2.303279873293447
1820.T,2026-02-17,75.60060608975421,8.304687628123713,24.08883288752231,0.9305687019581886,58.1803727123571,0.32766125639980714,2.416994494953108
1833.T,2025-10-14,42.191956091344515,-2.566874573626799,8.465307930500968,0.03609629335631672,-14.916364692838567,-8.096574702384117,1.5694919651733596
1833.T,2025-10-15,50.19468489227569,-0.27065594625856126,10.800573027036727,0.516929145396514,-9.89876452452546,1.455524476233153,1.6270821940707267
1833.T,2025-10-16,57.70006982490703,2.8610356892951163,14.168807133573653,1.080720554816952,3.0457198540699677,17.962084546908535,1.7916209782525252
1833.T,2025-10-17,53.23737770325661,2.7962829824779942,14.012119153388591,0.9885457615227126,10.973771897373918,20.872536421899376,1.7213482214375198
1833.T,2025-10-21,57.664209889043356,2.2524440432658426,13.224015680664678,0.8103202034863931,16.797492856277163,5.823720958903245,1.8466542986947831
1833.T,2026-02-05,54.032258328612535,4.409780064162739,36.682585318858294,1.0300403209313584,-4.675625970986104,25.349179623687164,2.258403170509637
1833.T,2026-02-06,64.12213704114708,6.4967619901888165,39.7208311037199,1.18159604774067,13.516663207550522,31.69907109104058,2.2135681044835853
1833.T,2026-02-17,59.2814478881294,1.949830978839041,35.228311618732285,0.5856995876039912,9.059251912383843,-41.71601461502803,2.6967923195887837
1860.T,2025-10-14,39.47847417315578,-2.445643931861885,8.56748915739444,0.09981228637750678,-2.5630747140962917,-2.488421490504342,1.9536890684864476
1860.T,2025-10-15,48.41545672590419,-0.8592396746244173,10.169555978257618,0.41198542445688996,-2.191877063185999,-0.75063088426338,1.9431985506988447
1860.T,2025-10-16,49.962660189042545,0.09415628976807297,11.06311609153355,0.5969434472814015,-1.3035977281594688,1.259476985936823,1.9282580978792139
1860.T,2025-10-17,45.92836477981174,-0.41755404735708573,10.283983334611206,0.46442680878235026,-1.0988112452025875,1.0930658179834114,1.914580180134904
1860.T,2026-01-08,78.83207992383075,5.268196335321443,32.44533597208712,1.0098875250867243,1.0386316612755024,1.4861066736954385,1.7559528641520823
1860.T,2026-02-05,53.81060315700748,5.052815997092785,36.61954752032469,0.9339399076447097,-1.7162507329310657,5.580477953560603,2.2327677084864996
1860.T,2026-02-06,65.14521876966259,7.400049037753832,40.05135339723759,1.1419101064626869,2.221372057922025,6.522658120468989,2.2222765386843526
1860.T,2026-02-16,70.31249081685526,7.019403669674186,42.06273516364166,0.7974982144459646,10.201352726328423,-5.64518466261692,2.9098787674924793
1860.T,2026-02-17,70.72135345295456,6.618108285003611,41.84846581579622,0.7768687433916761,7.294211102890948,-6.248625436596036,2.9520990312883924
1860.T,2026-02-18,75.07507949545268,5.990528992137398,41.18221844902592,0.7435516648074612,4.4841236282499395,-5.717229098078484,2.9475470418957666
1860.T,2026-03-30,46.24135705385627,-3.7071150787592098,27.82186127761544,0.2525852082115768,-9.62316003749153,1.8705078825861623,3.1010844576221515
1861.T,2025-09-18,61.333260604558745,0.8115073103606598,16.77934996163636,0.5592936880914943,-2.3034445800736663,-3.283231152935606,1.6078851421297664
1861.T,2025-09-26,70.87371805550073,4.701208336594872,21.487786961601348,1.0823214132809273,1.5010436109816965,2.028532434224914,1.764540528557435
1861.T,2025-10-14,61.52871616245532,4.231961776515777,23.963836522683884,0.7014556397322909,5.268357604532508,-5.38086390295749,3.3513128582262235
1861.T,2025-10-15,64.0078289577128,6.63262863941456,27.18860851263863,0.834090693208701,4.723685406685114,-4.1143509832945,3.3784025918267777
1861.T,2025-10-16,64.4883225545469,6.375683813349582,27.241265713143015,0.8126403753057378,4.022675114142537,-1.2456824903899708,3.4392630935739716
1861.T,2025-10-17,63.968645650340505,7.369187220734198,28.80801436350886,0.8616863792605525,4.254957351040041,-0.468728055645073,3.449917112927286
1861.T,2026-01-08,68.23530347649599,5.010575990234635,35.175189388009954,1.0541381591500272,5.502873463339867,2.960913096708076,2.228852075148166
1861.T,2026-01-09,69.84125536666929,4.950033215048431,34.97379999954126,0.9802305506867592,6.14019949472107,2.2316846801790398,2.2743206201991653
1861.T,2026-01-13,77.27273968482287,6.407561920469155,36.912898569867636,1.0442796983940064,7.7612912133395255,2.2584177499996585,2.2617611406872884
1861.T,2026-01-14,78.6476971286897,7.909072637242111,38.990191513021244,1.0763950091901953,10.02177240659858,3.881572911877509,2.297731904584265
1861.T,2026-01-15,83.9161099152562,8.54911790993839,40.13739847330657,1.0458259980522615,11.851626659087596,4.090335445748071,2.355845738305464
1861.T,2026-01-19,81.32298513860246,8.676480645404009,40.76225152389236,0.9423396516553951,13.155070815914236,1.3034441568266395,2.426500759125403
1861.T,2026-02-06,76.09889555243551,11.027363263379156,49.26385129853356,1.1038393978808765,7.4123115855437405,8.353895873216054,2.6818349524545515
1878.T,2025-10-17,24.658106849140992,-4.869070341743798,-3.4915777677275104,0.11156878224782076,-16.515807997456832,-1.326750089216553,2.154328160444323
1878.T,2026-01-22,58.8571434316863,1.6747999288492263,0.19763533771485417,0.7740676015437539,5.395604086365417,-4.215813909084339,1.3309898594896816
1878.T,2026-02-04,70.81712609594872,6.794337400985253,6.580769588813435,1.135479606641249,17.303855659575795,13.530879829674163,1.984490991568025
1878.T,2026-02-05,72.11896926788178,7.606632495267263,7.761376055745066,1.1186806572458408,22.266824761500274,11.003515700205018,2.0761357903220685
1878.T,2026-02-06,74.48980440329736,9.569616695279382,10.203874211118528,1.1474650191549056,28.676987373445527,11.373131713869732,2.1175351402673113
1878.T,2026-02-17,76.88888790375071,7.104951415293859,11.24186142960449,0.7658093449404839,21.564579737315043,-16.407840531444762,2.4368158770751833
1878.T,2026-03-30,55.722316667046115,3.969821943811254,19.092041091320773,0.9298712368955326,-5.18748410843201,17.768722976810274,2.0944490565669365
1878.T,2026-07-24,74.29906517752642,4.628395400304856,3.065898371692101,0.896171282487932,14.66613854192649,-2.9384801248071035,1.824356685679453
1882.T,2025-11-18,52.60663977532626,1.204133910603045,6.676742738992456,0.6107813121939967,1.9100304654989966,0.8704841452641867,1.828934883747181
1885.T,2024-11-01,25.71425069146767,-3.1785526336448835,,0.029193342246124163,-5.54432071966257,0.0890335744968258,1.8060689573153665
1885.T,2024-11-05,21.904748819644496,-3.4326161573933534,,0.04950408615900273,-6.084613414688481,-1.3734923636164451,1.7912882597227342
1885.T,2024-11-06,23.36453071530981,-3.165467861311559,,0.12313223151824254,-6.050373031354005,-0.5060523116914348,1.76531600275027
1885.T,2025-08-08,89.066012458969,14.923014541801699,59.76193126958004,0.9895490699187167,18.139130159802875,3.496304334217612,2.399102143963403
1885.T,2025-10-14,45.24767528797984,-2.430821076069966,34.385219667734674,0.2760385528920578,-6.700204310724691,-1.5029818043592469,2.4925774766547546
1885.T,2025-10-15,53.02201391339468,0.5993872677266296,37.930399754826276,0.7676733622467479,-2.493370228962468,4.289277122036405,2.5545940900900908
1885.T,2025-10-16,55.93504439283984,0.6085202945593386,37.281220430983005,0.7705816434977781,0.07645991784539286,6.776664228570084,2.5806873330217526
1885.T,2025-10-17,49.311275026669094,-0.13369014188436096,35.60437999491223,0.6050123291950147,0.4835491399370273,2.9769193688994955,2.575944005579568
1885.T,2025-10-20,51.32275513453995,1.234435312524656,36.77891005648881,0.7915076793209612,2.2676042539490266,2.191144336103634,2.515042590340094
1885.T,2025-10-21,47.78323309928231,-0.4253792264601568,33.84089819933922,0.4782291824096233,0.8087852190188833,0.32523607908185603,2.576112044916373
1885.T,2025-10-22,64.81481763027423,6.8899491225137,43.38522876495636,1.3162505693631261,9.601594454887614,7.3339902009385876,2.975656009793454
1885.T,2025-11-14,53.58899373421965,6.644003748321678,46.77309563987562,0.7001192018153363,4.634943550113988,6.361178135267792,5.25002875623881
1885.T,2026-01-09,73.68423337123014,8.234298860364445,57.3108989784186,0.8892450953512928,26.792061464420243,4.460112282268483,3.53874821153486
1893.T,2024-11-05,32.18234668531454,-3.2022082447768003,,0.053732564851008996,-2.7847067350646117,-0.6077543947931119,1.8560528804989096
1893.T,2025-06-18,50.734437580764556,1.2633358011640692,,0.8706894799423476,-2.649555627411413,1.1276934581683324,1.7651991430196203
1893.T,2025-06-19,57.270469250805895,1.02818876146228,,0.7805928409997726,-2.2976385354888844,1.0884531632205903,1.7681783542746532
1893.T,2025-06-20,43.01882615351364,-0.29930014574767616,,0.3947312290691199,-2.8117994441023253,-0.16224381669091237,1.7356637310920768
1893.T,2025-10-14,60.81592275750969,5.87262519568345,43.64911155539742,0.7531507750447592,4.643082446985645,-1.4518844182012032,2.919956535110542
1893.T,2025-10-15,67.26314829072568,10.270195928044377,50.14476734782014,0.9771041101264659,6.419215629565485,-0.4459638957414498,3.030013515132695
1893.T,2025-10-17,60.6017306822642,7.093118555685941,46.57021239954599,0.8046331596991528,5.309798978480174,-1.1094166510853114,3.2271942870426042
1893.T,2026-01-07,50.776401665082155,1.7625377245408067,48.55570572710773,0.7616003936652119,2.7348537803937543,4.749983845731332,2.9998232278125583
1911.T,2024-11-21,29.097221753132928,-8.51426599018722,,0.08662405405402794,-6.093371977768086,0.08253978848684085,3.2468745403765946
1925.T,2025-08-05,58.98803099810865,1.6128988661367223,4.408192607638226,0.7311275749871572,8.948658994433544,-0.9506868472420678,1.6073197179764003
1925.T,2026-02-04,45.13424112233467,1.8165093307255897,5.4931498946929915,0.7262778310814525,-2.6661330708097566,15.909925631614733,1.7982578914446947
1925.T,2026-02-05,49.923406028989405,2.6900699969291373,6.562288747148158,0.8560508773223768,7.021064949535894,19.3262670568975,1.7857148836028853
1925.T,2026-07-24,59.54773848400293,1.9721898076803257,-7.540541841489146,0.6609209815586783,4.026423624894974,-8.846771578366116,1.6191932112438772
1928.T,2024-12-19,54.91185018681899,-0.4084937091327271,,0.34857503449215305,6.6127090676560485,-9.86324212259538,2.005747085026961
1928.T,2024-12-20,53.98457317177334,0.5328363441209197,,0.5252612863775684,4.786305300180624,-7.700699219004061,1.995652174654585
1928.T,2025-06-20,23.425204840898473,-4.507517859766822,,0.2518231037161324,-6.831449690533809,3.876757973934815,1.759114677834338
1928.T,2025-06-23,24.58676579684756,-4.169574125259195,,0.2733851980579158,-4.955277515859542,3.6075715036598197,1.7431415789871392
1928.T,2025-10-14,37.217354846096356,-4.821812109181801,-2.0953181772921687,0.039684544133027834,-16.81935194477492,-5.850188374782299,1.9014951461967733
1928.T,2025-10-15,40.2116121196057,-4.169890471468119,-1.6214858564869075,0.12455554736840618,-16.585160118937637,-2.3452096667061504,1.8710640196973132
1928.T,2025-10-16,39.46426575359139,-2.8909105527718317,-0.5193222465457719,0.2590853506729973,-13.27470984283443,3.5446421019404895,1.721565905623463
1928.T,2025-10-17,30.620154570403855,-3.184913768566088,-1.0704180608939393,0.21699845182930447,-11.489431046495863,5.095729072441774,1.6390185951065233
1928.T,2026-02-04,43.1441428578434,1.0341497239894721,8.528129315692402,0.6284400417897831,-5.46577702591399,7.926032944658012,1.4383393566433442
1928.T,2026-02-05,51.35350837779888,3.0382144492154275,10.816387879659914,0.9452694950946176,1.8663830229224132,11.179923271520334,1.4555912468067338
1942.T,2024-11-05,48.45889702957857,0.6080701074873641,,0.602502784029358,2.0813223397225293,2.3320666788766964,3.27871409249116
1942.T,2024-11-06,44.95725011764787,-0.2435140216013763,,0.5031531742918025,2.5216831848777446,3.2344050742182926,3.417870836230779
1942.T,2024-11-07,46.95944667359346,0.518745825475007,,0.5798356131386431,3.6559390996672283,1.574616759944699,3.3910521587610307
1942.T,2025-03-13,50.962224633245164,0.5986930179235318,,0.5863765096954717,-4.442942221287289,3.465368200534307,3.1243242332030916
1942.T,2025-03-14,52.64966495150202,2.3387295391997536,,0.7790857550658238,-1.584871752101975,3.072240775649817,3.064661453229515
1942.T,2025-06-16,71.23934493132072,7.513451296789675,,1.1754762080135226,9.96183823672881,9.518496750074299,2.0890335976897965
1942.T,2025-06-18,66.54412743927051,5.883772218183667,,0.9351561834243136,13.876252171339075,3.914413934610266,2.059659011165389
1942.T,2025-06-23,77.75999681389466,7.9947738856591535,,0.9669979697673785,18.551553307444195,0.5034355893518097,2.3013689023988486
1942.T,2025-10-10,54.500086633861734,3.5498965680333234,38.010648478626266,0.881695350369494,8.026318157476027,9.355359459158365,2.683302770099807
1942.T,2025-10-14,57.63014377704248,3.6109964656857256,37.92990009986828,0.8671841504134267,8.674593375570495,2.126586342339806,2.717445356389697
1942.T,2025-10-17,57.3202998713781,4.416233545483261,39.16480140926992,0.7917522342709173,21.221475022855927,-0.0026821375707015704,3.0671679758652965
1942.T,2025-10-21,62.488883163516846,4.911409471858674,39.68954172579682,0.798298062984875,15.153179008563328,-6.068296014292599,3.1358082965515814
1942.T,2025-10-22,68.00348387215882,6.384919384835136,41.67391352602629,0.8761147722017875,15.963285521985071,-3.081718420213619,3.0438865044634067
1942.T,2025-11-05,64.2304782925464,10.16747488639023,49.59855048821798,0.850723413705428,32.57373009036172,-7.616958450503034,4.120139881968317
1942.T,2025-11-18,55.21573338932267,-0.6736317813884322,38.409074088248595,0.3659319498853015,-28.689356362606844,-26.177824630246022,4.852014515994669
1942.T,2026-01-07,77.43273542139575,9.747073929690567,46.104262649864175,1.0610563621670257,43.70114424928555,30.310690239508645,2.392300027557552
1942.T,2026-01-08,85.1936781874572,9.018496116172035,45.33425715110739,0.9689368840675132,45.059789134277324,9.364101619037143,2.394502313804321
1942.T,2026-01-09,88.347490016545,10.088418181782616,47.061392714275726,0.9808930895781552,48.001027846952326,4.299883597666778,2.5238176924494886
1942.T,2026-01-13,89.14120097508044,11.150654506610708,48.83892874477522,0.9862915326423425,51.85967066218993,6.7998815279126035,2.638867497273823
1942.T,2026-02-05,40.75631295790485,0.6114387138571441,39.19472483545996,0.4029313135199691,-28.140724929435123,-1.2658002330852582,4.0879866275552965
1942.T,2026-02-06,45.82798976983346,2.4533229425494274,41.9141770057428,0.6409446424437838,-23.301375856608416,-0.9085341871532933,4.10344947178723
1942.T,2026-02-09,57.06422768230167,5.643022765920636,46.709345613540236,1.012299592476284,-6.545144473348699,21.595580456086424,4.051048113842802
1942.T,2026-02-10,58.37292212412133,5.924895570272099,47.32763571013207,1.0075446982001572,6.168746999434575,29.47012285604299,3.9154056352160307
1942.T,2026-02-13,63.63204234408995,10.168428687078938,53.7783876958539,1.0565771596034605,48.59239096598472,42.423643966550145,4.293373688384833
1942.T,2026-02-16,68.46937908000112,8.529702594891093,51.725957941555556,0.9364342348482207,48.26692954978037,11.428230909483716,4.228426404609007
1944.T,2024-11-06,28.293727677086835,-3.901788598415793,,-0.012036414315373032,-8.386867895099833,-3.203787695653464,2.253177830165653
1944.T,2024-11-07,31.827530029715717,-2.9407275816033644,,0.14752444644886994,-8.872750815442842,-4.984245031914295,2.3230488094568975
1944.T,2025-03-12,49.504945391485556,0.5227941664138046,,0.579525784183162,-6.988850898925964,-5.836740567059646,1.972116607137037
1944.T,2025-03-13,52.00764850182596,1.091543455360861,,0.6911998633817718,-4.6721679172426605,3.6859248304390597,1.9325150876890393
1944.T,2025-10-17,45.68882654061971,-0.6383339768957789,28.657580887145244,0.45841006953115004,-1.6606725606220865,3.8690717765585276,2.4341110366891563
1944.T,2026-02-10,56.66539645732976,7.3925650955399185,48.70379158058207,0.8766135166586112,25.907378789976264,96.38361009347125,3.9479634809136135
1944.T,2026-02-16,55.12860004053658,5.558533952020355,46.393972584694126,0.7304243042503985,70.90867565579356,-5.259304876928738,4.651331236436926
1944.T,2026-02-17,57.68545466356672,6.753349606448644,48.03961936249842,0.777383464811767,66.48088652482838,-15.73112453074367,4.637546707966083
1944.T,2026-02-18,59.46261831181689,7.602204533731784,49.10754963488092,0.798611636073736,64.54709376830476,-6.361581887488796,4.6501367170319385
1944.T,2026-02-19,57.46336088357107,6.797636161951905,47.85408862442229,0.7589884153168861,56.16715571714366,-10.31373080768472,4.363159114703218
1951.T,2024-11-05,40.85596562947044,-0.549226482919782,,0.436358702401645,0.3182950812948868,0.0742379843577674,1.5092162018874988
1951.T,2024-11-06,39.24522615213595,-0.8124986175605746,,0.4052535325677633,0.13073790581084577,-0.05750204229224032,1.5598276832204006
1951.T,2025-10-14,41.02550844053765,-2.1322153896387324,15.58654005498234,0.07059120608138747,-6.567655942534473,-2.1565646796987528,1.4850053429318937
1951.T,2025-10-16,48.93461569860666,-0.04428284905048767,17.652940877488206,0.5805969988231743,-3.1547561722015516,3.4128997703329214,1.548325286947139
1951.T,2025-10-17,40.97662066422452,-0.4232255511194636,17.008690008571286,0.4686527016043259,-2.6053670335988217,2.139651177089463,1.5213184743773074
1951.T,2025-10-21,51.77777696295796,0.10607586887997225,17.18307363158565,0.5772166246016431,-0.5211671682422718,2.08419986535655,1.4501656751573284
1951.T,2026-02-06,46.311853814508986,1.3123133441117834,26.676917125100104,0.6071998633958487,-13.707550081287621,9.493305866017877,2.2138752898924947
1951.T,2026-02-13,52.80715643814841,3.190538312553959,28.73589538363085,0.7835047423558921,11.550494440824437,6.923765407752015,2.5482625694267886
1951.T,2026-02-16,58.44155440516668,3.492309792976446,28.985116454212445,0.8117922809876512,12.082177029868046,1.4400838060545205,2.528694536768335
1951.T,2026-02-17,62.04042354990567,3.230129399776117,28.522217577639513,0.7896528541160317,11.345761098499139,-0.20473334232529794,2.468138742679156
1951.T,2026-02-18,70.1202617981888,4.617685251758096,30.078809778336947,0.8680674723527915,12.599443692109276,0.5172666622412301,2.4394866977454703
1951.T,2026-03-30,51.04143420550619,-2.556371555020409,17.72263824114157,0.3696451286396918,-4.332037696702198,3.058372639414885,3.0787986442933963
1959.T,2025-01-09,49.47366488970276,0.5800935303501796,,0.6834687722955936,22.980291138389475,1.5432168027700328,1.7137318813381652
1959.T,2025-06-20,82.30670111290101,7.382650212932345,,0.8613299458527275,28.387586777641047,-5.493706043243321,1.5971591661160098
1959.T,2025-08-04,67.97438784007926,6.8321627080577665,27.50977502812657,1.0097164296428909,11.353384579519371,13.687987900735976,2.6261437177518387
1959.T,2025-10-14,45.31505503785621,-2.043102602386578,25.168700421900166,0.16344023721116954,-18.270984256192648,-13.308364953094241,2.2634948615286383
1959.T,2025-10-15,53.81676825147949,1.1487059007869176,29.07334769661117,0.7419403011950999,-8.817377501885531,0.1857120075759866,2.345670571909688
1959.T,2025-10-16,55.01254291318583,1.0769757764563486,28.809167422996683,0.7709036641514541,-2.7754016437303193,15.495582612462329,2.387972669738299
1959.T,2025-10-17,47.69602228611219,0.937133146746289,28.422853469086025,0.7299178088983322,0.3770846656246363,9.194462167510167,2.246790452960498
1959.T,2025-10-20,51.764697013581355,1.289495994376382,28.61979096252482,0.7693664810765263,3.630159140049585,6.4055607837799045,2.1845372304232513
1959.T,2025-10-21,52.380962337735156,0.7817617341643112,27.66643294215952,0.6569963814757438,2.6748867802124323,2.297802114587796,2.194372258714961
1959.T,2025-10-22,66.80557286494086,5.453105442276597,33.48053809898263,1.2222063247857022,23.366718725101876,19.73655958505229,2.254593679146899
1959.T,2026-01-08,66.63731776274744,4.358468119052638,25.667317788253097,1.0762447041486007,32.6777003672141,10.038513531907043,1.9374821279728207
1959.T,2026-01-09,76.5346781977923,4.335947483722464,25.57503550540051,1.0111254979377657,36.485531805085316,11.691034142383081,1.8822628925332245
1959.T,2026-02-04,59.31295219237431,6.067094602385946,29.317981595972142,0.9862595049741886,7.740127647768986,44.88951044779009,2.971546428783871
1959.T,2026-02-05,55.981429128022484,5.629366494803433,29.01844115968896,0.9557536151265937,18.617627788060418,30.325964837255356,3.01993075134719
1959.T,2026-02-06,61.05033054987182,6.883923583618823,30.85750711215206,1.0498420611022647,32.640028762312426,24.89990111454344,3.016498900200586
1959.T,2026-02-09,70.24048140888158,9.555650391851547,34.62481387476051,1.179415941122471,56.26120354720592,37.643575759145506,2.9527342923306663
1959.T,2026-02-10,70.96774968917615,9.588062349984108,35.12221506155889,1.0890557168906512,70.61734388611893,37.977315123806505,2.9118018836906114
1959.T,2026-02-13,64.41343242743098,7.44928310895108,33.21538574822404,0.8681308746876512,71.73736163207951,1.1200177459605811,3.1716565873407863
1959.T,2026-02-16,71.43474321185414,8.85792743508465,35.32413892281144,0.9208697167741566,69.39376718415974,-14.399843293122018,3.1608274515479455
1959.T,2026-02-17,74.37423852487319,10.644174815212827,38.02774698920122,0.9698832131412947,75.8100209313854,4.072659299305883,3.1369654957654163
1959.T,2026-03-30,53.948910151599634,-2.893569919269704,25.87834771443494,0.3375925941669198,-46.17928993084452,-0.6802216518221798,3.721654686574568
1961.T,2025-10-14,38.59306477222858,-4.201411181542987,26.622190100799166,0.156825958759918,-7.51506295968098,-4.611986038501891,2.873320897912448
1961.T,2025-10-16,50.08341662439906,-0.6874864749420044,30.408660469963202,0.5519004307302994,-2.5855998017487716,4.929463157932209,3.059459510651598
1961.T,2025-10-17,46.6531407917267,-1.5959973609646811,28.65407318201541,0.41167581977716083,-3.065996881976276,0.46464883906309495,3.0601887530502725
1961.T,2025-10-20,52.67174969730035,0.8500141680150413,31.315138107689467,0.7236621404456114,-0.8496955910844015,1.73590421066437,2.962018309021164
1961.T,2025-10-21,51.30111939970021,-0.42868427118066454,29.046233306684634,0.5323271064833918,-1.033946246441193,2.032050635535083,2.963602448277941
1961.T,2026-01-09,65.38462948602469,5.93815612140429,33.792002454806145,0.8246401874752483,5.669290827226959,-0.9802461971128693,2.665245102896773
1961.T,2026-02-02,72.72731684760237,7.1177276407165575,40.970323661256096,0.8408797783686439,3.089539639916751,-2.416847779800676,2.7078877374974275
1961.T,2026-02-04,79.52759201959513,11.044605095844704,47.12148007123002,1.0127002292336589,10.775995899597675,7.686456259680924,2.7963519883250294
1961.T,2026-02-05,77.96614418436765,11.236096889349952,47.976599969772245,1.0041600106727664,12.9517865856281,5.364165311834441,2.69863522167686
1961.T,2026-02-16,67.28625635723532,9.035648551559463,49.60651286097595,0.7562664066597126,9.720767517578665,-21.663851271283704,3.7212468806806385
1961.T,2026-02-17,63.7450309192085,7.747262695197577,48.38503118730713,0.7173446312144861,3.5215632151266476,-12.607087344555339,3.678184659042959
1963.T,2025-04-15,30.373335253577764,-6.512482237948425,,0.2984988772817271,-8.163722759024303,6.493510567386931,4.814587725030786
1963.T,2025-07-16,60.153276968128736,1.2217220450608781,3.970559901915445,0.8314921046895599,-0.2789948735751189,0.40651150313025397,1.69366740540931
1963.T,2025-07-17,67.50792140989893,3.345192368339726,6.280542447311454,1.156142698529977,1.5928737976706628,2.1583936813054,1.7559410884208266
1963.T,2025-10-14,42.16869315876252,-2.8819063791249135,14.730629471618384,0.10533411167287157,-6.886104367230374,-5.363413949319927,2.7843778532107217
1963.T,2025-10-15,49.85074471832325,0.3471604984631541,18.464077877335917,0.5400410016122549,-5.736956554046003,-2.127647979323413,2.8039843353535163
1963.T,2026-01-07,68.46362794632583,7.049238824984272,42.97488294122961,1.0172070515274898,9.428961018344303,7.77447063138392,2.3574427469628607
1963.T,2026-01-08,78.36677530320439,7.721156469889627,43.90002264060294,0.9990811777819993,10.883172871878514,3.2203515395745015,2.3332171681779466
1963.T,2026-02-17,66.94045400388899,4.921411723060444,46.091411701719224,0.6625561007233518,6.406359844075737,-12.686202555380476,4.341952487299534
1969.T,2025-04-14,47.43983808219818,1.998886466111766,,0.5554011011960501,1.9236539636417387,11.487558032217672,3.2237211534588193
1969.T,2025-08-08,77.4493536010443,14.529146273992469,39.63082323190728,1.283749654070454,38.828493290818386,23.27393679391463,2.7645975805622585
1969.T,2025-10-14,40.3495494717113,-4.14878069389674,20.82363403071648,0.14122267390397014,-12.123150548351287,-11.81342567089535,3.1245082732790808
1969.T,2025-10-16,44.49188042383226,-2.8248650512698057,21.489291309672378,0.26863063431691614,-10.317582799375803,1.8055677489754842,3.451752113902874
1969.T,2025-10-17,47.124456919181085,-0.6681070835993205,23.678382909304442,0.4910943812512034,-6.476646541254629,0.9240975351544929,3.4612730872879345
1969.T,2025-11-05,64.16804060796599,5.871594999871461,31.41882912355914,0.7789059965174637,35.228660098564944,-12.336816747547886,3.5073576417173937
1969.T,2025-11-18,48.842426166450174,-4.050449661974853,20.945280602631186,0.1352576052002931,-27.120564132675398,-38.47507721729518,4.203265082514331
1979.T,2024-11-06,57.1428445091956,1.3499519494130234,,0.7819038940652651,5.108733636488329,4.706179808195908,1.8038972872242593
1979.T,2025-10-10,43.480981761267536,-2.170179965295641,13.812703546133386,0.10329595577175966,-5.4822774126846205,-3.7066755599716874,1.7084638686957543
1979.T,2025-10-14,43.451675332370826,-2.6212895961397984,12.965903791110911,0.009878992502767187,-8.685647028144714,-6.855700817117022,1.8459334954133642
1979.T,2025-10-16,50.900435377411455,-0.26935421170246615,15.266304937869576,0.5326098512770884,-3.685869357090443,4.999777671054272,2.0198086113937106
1979.T,2025-10-17,47.35633274908362,0.21518295650300281,15.617749065865988,0.6163837095227501,-2.0457758620557374,2.811228569980799,1.985650236257939
1979.T,2025-10-21,54.96688177750565,1.5415296510355305,16.814355446605944,0.825222028710568,3.5547537569991956,5.600529619054933,1.9831710189585432
1979.T,2025-11-18,61.026614182020616,1.6718665540431914,19.892987587239823,0.5406614018567941,0.746428191409386,-9.715270423765325,2.857142903335139
1979.T,2026-02-05,54.12843518961685,3.873746499828533,27.195563645504077,0.8870949758730544,-1.6741826035637146,10.576649174339835,2.259273554740145
1979.T,2026-02-06,60.17698787472352,4.738226500716013,28.43870491738734,0.9945360796535868,3.6581138728120237,10.054912486251183,2.2315334362474566
1979.T,2026-02-17,57.865171908073236,2.0067801178548126,26.508955019151692,0.6030451482686245,4.581892192991347,-16.531510185827358,3.444920069589405
1979.T,2026-02-18,64.91228212768915,2.8726702654446057,27.56589687929113,0.6581318224563163,-0.3436415570220106,-15.131459979152027,3.3403927312065145
1979.T,2026-05-14,50.45045032318805,-0.4273504273504274,10.63704949771024,0.44734584666961086,4.809608656602169,-9.111875919085024,2.4422644594318412
1980.T,2025-07-16,58.65921144840311,3.449863422266168,21.916592189444,0.8534863139940111,0.11680073022169069,1.5384153753690057,2.6227675496939487
1980.T,2025-07-17,61.82796698701433,4.300971193173442,22.998339702276063,0.940693863578008,1.9212894989653968,3.2961854217585653,2.625354288616893
1980.T,2025-07-22,50.64104496039085,3.17061567042609,21.90893948507801,0.8144401721460832,2.7367392141607,0.8154497151953031,2.510292674900731
1980.T,2025-10-10,52.89131503559903,0.5397297587852338,43.056846493340345,0.5370760350130372,-2.0041635900397026,-0.7633424187994109,2.9147307613201963
1980.T,2025-10-14,49.39098700324746,-0.6773723925975355,41.0416203804735,0.43461027031652444,-6.374407545600079,-8.46980397712349,3.05434781945919
1980.T,2025-10-17,56.65567108475745,2.5838289142926554,45.16950027519812,0.7354509644892272,-0.690064296189064,2.265291480357476,3.336317844293092
1980.T,2026-02-05,50.15384356776241,5.345959203477154,48.32471988627612,0.8565186603417888,-8.129605185807804,12.74070433488609,3.264879232621111
1980.T,2026-02-06,60.88083433562047,9.858826722679709,55.04794202715434,1.181708297994331,5.431891407265894,21.15380545107935,3.47888028424055
1980.T,2026-02-09,71.04557287020138,11.08538275605725,57.37622233547713,1.1654033307760754,16.756710742580168,24.886315928387972,3.543509133337392
1980.T,2026-02-17,65.35009538257111,7.686753027808338,55.03890863361537,0.7616380945874514,23.306581812301417,-14.047012935598843,4.271889360061469
1980.T,2026-02-18,68.79731046517408,10.124552514995584,58.78018846019694,0.8357903963268791,20.77601684361909,-11.91902513162482,4.294670662404634
2002.T,2025-04-11,56.456006071571714,2.652856379057954,,0.8940971771890242,4.743201508059741,5.158572511909364,2.1961598028215215
2002.T,2025-04-14,60.77310615361864,3.9067776261030396,,1.0401007798523132,6.5597249467741445,2.667322696338301,2.221523811932398
2121.T,2026-06-26,39.16256144131136,-1.0248968300757295,-4.849146646398333,0.33232891243554086,-10.685174479795885,1.8662451395206592,1.9309441989854361
2124.T,2025-05-27,78.34391741088348,7.592558185934071,,0.8845080819068208,4.379602203063843,1.2960530623948436,2.8384286119322177
2127.T,2024-10-31,58.464024757637205,6.333830981043126,,1.0021684836065952,2.2643843420782996,5.688587994007719,2.6688045816538764
2127.T,2025-10-17,32.004733108391775,-7.920823377555253,3.6871796762577707,-0.0324920120977609,-5.580439014040074,-0.6400907524470885,2.7554438414417195
2127.T,2026-05-18,33.91405352102295,-4.588312785308734,-9.286157176305773,0.15362851695341123,-4.2709287365414035,0.11276395113352589,3.12598606711345
2146.T,2024-10-02,46.05757051656791,,,,-0.11826480560035102,-0.9191278334792422,3.086018024129106
2146.T,2024-11-01,47.1482612144042,-1.66368916507517,,0.4121837481871569,0.08657238974402981,0.430506326423334,2.214943380948717
2146.T,2025-06-23,32.826716111415024,-1.4469245830445,,0.3125904307149893,-1.4180812144909725,0.19202044437541943,1.9945305501027628
2146.T,2026-01-07,65.19614161611153,7.531252367812049,24.750463561925116,0.9700779388477889,0.9333126777774612,0.11864628424900037,2.2728275761410943
2157.T,2026-07-23,71.3513468219999,5.97341674202679,-5.622628602386957,0.7355376009990879,6.9475022075769,-4.271454747403883,2.3285986104304923
2175.T,2024-10-02,43.777287099234435,,,,-3.048682914548789,-11.550833719619177,3.233299715303744
2175.T,2025-10-16,45.833337511440305,-2.906171362141482,9.075237422816967,0.29780109453886383,-4.444676690334012,-2.590091477215041,3.3888453759070423
2175.T,2025-10-17,44.80652697378057,-3.618271873740074,8.046700082233627,0.2528538510033947,-6.313507787187659,-3.7733292444528734,3.4728096936309676
2175.T,2026-01-30,74.40945419513926,12.040593694664036,13.863828785577754,0.7660129282563534,23.391484610374448,-12.649026906154731,3.7025704920409583
2175.T,2026-02-02,72.97296239985198,9.844458736335772,12.188597647459558,0.707027918419472,15.916206383699723,-14.505964078640218,3.9411923312081596
2175.T,2026-03-12,42.82459884232804,-4.906700954528538,9.450681632427546,0.01298749733404327,-15.382954010921768,-2.5841884495824665,3.78636561210622
2175.T,2026-03-13,44.84304743512674,-3.817132124595366,10.138086472015406,0.12850748993393504,-15.592889840019737,-2.623761791763428,3.82360545475018
2175.T,2026-03-30,44.50338929935533,-2.9015886211458044,8.068151589752294,0.21722391165687202,-7.25960626475101,1.951849482396316,3.262037976457627
2181.T,2025-04-15,37.46396937402325,-1.0387320399959334,,0.37609039519613435,-1.2865731814724881,0.8235053121557521,3.42126314539985
2181.T,2025-06-16,58.955282250603766,2.1062384866328823,,0.7611193826553325,-0.12459452562175422,-0.20282740759211482,2.111146274481296
2181.T,2025-06-17,63.544366990983484,2.522374823997582,,0.8099310588973813,-0.14259725166633253,-0.125591496439851,2.0774511020581614
2201.T,2026-01-08,59.40765441330453,1.461346473209093,6.199072057586595,0.7242019289351145,6.017511059258785,-2.727781919358984,1.3126333945387942
2201.T,2026-01-15,59.00708470361409,1.1876999246267934,6.393045685453498,0.6258916942391342,5.62921813400558,-1.6835601401919504,1.4814032790337226
2201.T,2026-01-16,52.51570422309376,0.8650914784322412,6.091973379489025,0.567011395672933,2.589703401221888,-6.54125944549723,1.4091446991110765
2206.T,2026-01-16,36.92193147721031,-1.9934429161056726,8.9106496315983,-0.0905169825325805,-17.245513498070267,-12.623651297514826,1.556675783588035
2206.T,2026-01-19,48.13148638861149,0.3356826017296242,11.513745058749864,0.5213927459875369,-14.332600551528756,-6.507289618842435,1.7301141927633281
2206.T,2026-02-04,60.365052212379176,4.12959142939213,16.22967130654419,0.8659133772911554,18.935983686868816,5.4438065224678525,2.7156317985134355
2206.T,2026-02-06,60.940986073930944,3.5559680735159103,15.747907318957447,0.7740963293269701,17.193392067644254,-1.7425916192245623,2.5735757057798487
2212.T,2025-03-05,48.47999721734308,-0.46537404902453583,,0.5264204160536817,7.770525476805034,-2.6433320006346435,3.2343023293867277
2212.T,2025-03-06,48.022591960157484,1.3699607036042714,,0.696919323296131,10.200522613612545,1.7639818559519433,3.2013458508639276
2212.T,2025-04-11,48.835416981484364,1.8394138341270219,,0.66849199632058,1.7448241506381272,10.580354456897389,3.0237526137259185
2212.T,2025-06-20,27.208428917156667,-3.5847584739052993,,-0.03820938963248263,-12.356216119293794,-2.522833635070983,1.6226483051567315
2212.T,2026-01-09,55.951419425858376,1.249813138142882,4.322260646432683,0.5753903820903616,-4.7252920858882135,-5.0042174659043965,1.6933344189743484
2212.T,2026-01-13,51.00208605900578,1.858207821526835,5.0449026912746735,0.6641563640060865,-4.249042742755044,-1.1431456306280765,1.621905992401574
2212.T,2026-01-14,45.45396926946872,1.8739387703456205,5.232634751762929,0.6933945246455687,-3.559465775698044,1.1658263101901696,1.586539948082086
2212.T,2026-03-13,35.02109697745493,-7.267686692869174,-2.261055524351828,-0.10892837818158081,-30.238322334563,-12.00890149570883,2.9485966572059286
2212.T,2026-03-16,20.341880293198926,-7.061778826401846,-2.3720552127970715,-0.02788772275696052,-32.621650126175695,-8.424613116204608,2.7876764851820113
2222.T,2024-10-02,50.0579418566869,,,,8.338066922657536,-3.4715163470676043,2.8043821346240496
2222.T,2024-10-04,54.87181188026247,,,,5.2890768851497905,-3.048990037507745,2.665753894372502
2222.T,2024-10-07,64.14662192363349,,,,7.782647778743348,0.5000232857210367,2.717579764986018
2222.T,2024-11-01,73.6654724175824,8.163943181718155,,0.8415143964885453,9.111562618248271,-0.7125239550368292,2.455411114239044
2222.T,2025-03-07,25.732469848205298,-4.452623954315343,,0.01260164315093182,-23.61219431704239,-0.403403894720082,2.35600353633867
2222.T,2025-06-20,2.1466685529598237,-8.00701703008628,,0.09676982789762786,-21.637772452259895,0.916848476885022,2.004010270997108
2222.T,2025-06-23,2.272702651879456,-7.516084962079203,,0.14025877521367514,-19.74225381707108,2.824487745697695,2.0119011613387006
2222.T,2025-06-24,6.3196845344016594,-6.556995553078977,,0.19708968774303537,-16.543111252121726,5.0946612001381695,2.0597439433911946
2222.T,2026-03-31,43.723787955620274,-3.368986581968398,-2.600450566551953,0.1313345889038345,-6.5790148232328445,-9.348421455391442,2.596582622103374
2264.T,2025-04-11,50.10417650085042,1.810335661137805,,0.6372772125028288,-1.3834133202206118,3.5712149261464052,2.8361919478231514
2264.T,2025-04-14,50.95636421693958,2.204822177132004,,0.6890761980357855,-0.42753029919559893,2.0376585715697217,2.808460667072363
2264.T,2026-01-13,62.0596345154248,2.8028862946353055,13.541775763122857,0.9626345867837642,0.6912721608532131,0.37428233745543693,1.4341594102805981
2264.T,2026-02-19,88.57902138874026,10.356035406837208,29.618692847064647,0.9400910281651265,8.513902288864848,-0.4126918354930673,2.4954321947495672
2267.T,2025-03-04,67.97115369776188,3.492632405163086,,0.7108614289458456,20.56808781889591,-11.693111165728375,2.915133457801079
2267.T,2025-03-05,68.11140643654876,2.3403000802447274,,0.6287790814452232,13.391984221190768,-13.814400022439244,2.9353878669883295
2267.T,2025-03-06,68.5655903202921,3.2223253989806806,,0.6775936247793846,9.848193880657686,-10.719893938238226,2.920166198795022
2267.T,2025-08-08,31.431762966901886,-4.740193864599827,-16.40595777809795,0.27505018218891597,-3.6274272087578368,6.047293733472344,2.087753901157178
2267.T,2026-02-05,57.29497754275284,3.3826337456924485,1.481011923386207,0.8934692677732048,1.0810449216742448,8.115677505435581,1.8946249986477093
2269.T,2025-03-07,82.25622492888296,5.656254166937383,,0.9746602966238663,27.070541090783085,4.428264567133507,1.4490164610785665
2269.T,2025-04-11,50.482079259166134,1.8333912741682674,,0.6867116443639916,-0.551303186186459,4.476638058104399,2.7646364583292695
2270.T,2025-04-15,46.72162450364303,-0.22171871029544615,,0.4657666965402317,-2.848363635859998,5.695894663299869,2.543922335100783
2270.T,2025-07-23,42.48923720390176,0.8611844414636921,6.020376126126366,0.6510692347897791,-0.7030867885923229,-0.6223110400297571,1.3929086083715359
2270.T,2026-01-14,61.42856603828451,4.249899475607574,17.012476447391133,0.8295658601914603,3.560364062628679,-0.1547997731775297,1.58254962772169
2270.T,2026-06-16,59.999999880000004,2.6210957796893997,13.891535024377127,0.635676870016659,4.018986917593239,-14.8415191194089,2.923447860156721
2282.T,2025-08-08,84.59418192688108,8.736406069789325,10.436772605436976,1.100129009190912,52.58091279485956,9.973837816343377,1.7726128034743796
2282.T,2026-01-08,40.723226502785344,0.19668311828835833,19.14301396041389,0.5884396628761919,-9.501839747570498,14.497180657727165,1.7100666995776983
2282.T,2026-01-09,48.11909956558635,1.0246064666512065,19.777197472983506,0.6937286304399761,-1.0731342704129467,16.461222491634064,1.6079893811998887
2282.T,2026-01-13,52.374092543991196,2.6710603258538663,21.50754904923392,0.9186074924657268,11.031632213658341,20.53347196122884,1.682142134864619
2282.T,2026-01-14,54.883091161417674,3.0960195397901127,21.906521081917653,0.9360455806793596,20.102809238878862,21.17594350929181,1.756457527045537
2282.T,2026-01-16,71.2454797123651,2.2288789851570887,20.7615990582144,0.7827583597065063,23.691838933495077,3.5890296946162152,1.6408981464654866
2292.T,2025-04-14,46.88385373051627,0.9715723079522025,,0.5853903561436542,-3.194352885510958,12.45985328908353,3.0559464742964653
2292.T,2026-01-14,67.33341246510204,3.070139668233564,6.2524662264730555,0.852676108849141,3.7108216747054996,-1.181763740672018,1.184026621546194
2326.T,2024-10-02,68.81124720374696,,,,38.94698927156372,-20.769573793737166,3.057351437074844
2326.T,2024-10-31,53.763447126573766,3.1129919968188076,,0.7891613707039172,-22.206393704627686,15.696707086871612,2.62085951325477
2326.T,2024-11-01,59.047615797520514,7.176333039595568,,1.1895887689949491,-1.7045234140830274,30.292619114165646,2.719230602618113
2326.T,2025-10-14,37.5552772364292,-5.206102594040819,4.945669384934372,0.2206267036665081,-15.940923569578175,2.447528241736862,3.7894176418888703
2326.T,2025-10-15,39.35116475132388,-5.917330811304588,3.8351316137185814,0.19297023941716462,-25.70767959291021,-20.702399163202188,3.7184078478394604
2326.T,2025-10-16,41.78813648371592,-5.2866276109683525,4.026997555674562,0.2360656567856701,-28.48250204746259,-12.541578477884414,3.6298916204637997
2326.T,2026-02-13,30.232561447533712,-9.306420905135221,-28.478405257465784,0.15775262755678285,-0.4707246749116507,18.071101123204585,3.7623763288111145
2326.T,2026-02-16,31.42858186673773,-7.5648450728791214,-27.530719204655956,0.23695573077864884,5.87616425037163,6.335203858805755,3.816046786707805
2326.T,2026-02-17,34.269671763178266,-5.811621198207629,-26.592407962678312,0.31034085000998424,15.862345634520352,16.333070309432003,3.6888639881044174
2326.T,2026-02-18,43.01676205052128,-2.3272865751038174,-24.24264931960894,0.4738334186172313,33.890672608339855,28.014508357968225,3.6719374563031164
2326.T,2026-07-24,58.49056588323247,2.7468797326231087,-28.726400578656495,0.5663059796353664,20.26542996146305,-18.546591562853045,2.4051552005808676
2326.T,2026-07-27,63.93442608277345,5.172951075101272,-26.41897450113939,0.7561880649183531,18.91736407092995,-13.164282467591462,2.4162257495590826
2327.T,2024-10-02,50.42692059712366,,,,4.367474035893064,-12.059206603998739,2.4158041277290354
2327.T,2024-10-31,57.29732168430589,6.1862477623903285,,0.9289783854978105,21.68357640834903,40.520765085544554,2.438170264406234
2327.T,2024-11-01,61.452524104642386,6.540319993149013,,0.913034069042509,34.04275301186834,31.63890404046178,2.5743677764674486
2327.T,2024-11-05,58.38642288961663,4.633087868165046,,0.7917918831569042,35.96669497075104,14.283118562402013,2.6456424209167464
2327.T,2024-11-06,68.6781624217253,8.899753852321274,,0.9935147054563568,45.616263148038236,11.573510136169894,3.018261037895868
2327.T,2025-11-21,37.85236299278061,0.5770528936798431,-1.100894224041545,0.44988719490605544,-15.586369074292403,-1.0490545725831062,2.6402958272546155
2327.T,2026-02-17,22.16560262896803,-14.518375067876413,-6.3311017393676545,0.11713834989988153,-68.9539030440001,7.899939805100615,5.096386023354853
2327.T,2026-05-15,31.179775240026515,-6.59931212381771,-8.305670890209575,0.09067168505374203,-20.406084651872177,-7.008863856364918,3.4111458162091073
2331.T,2025-03-11,58.60214276189013,0.2548178714977341,,0.4683782659900244,1.04438917410911,-3.041741482752972,1.9712439505778205
2331.T,2026-02-13,27.455910578995756,-5.120683923454032,3.2496126563409327,0.11182036294227289,-5.814870887687729,0.7017881317648467,2.3457864538505317
2331.T,2026-02-16,29.323331337906154,-4.466499491490559,3.5925912070781685,0.17717813703799828,-5.174577759382052,0.5805774632636851,2.3809524403411437
2331.T,2026-02-17,27.791002814324642,-5.575013503121169,2.0183496182039313,0.10225877051248906,-5.473328078203956,0.3415428094837729,2.445839735250803
2331.T,2026-02-18,38.14898043012323,-3.1353016871810073,4.335343641270714,0.304215955756298,-3.5889415541888354,1.5856362051932162,2.4525750860014544
2331.T,2026-02-19,45.890419160685624,-1.5656027080448567,5.73040953981661,0.43750909904367813,-1.057515679032143,4.415812399171813,2.395081891287891
